OID,CID
0,3846
1,1930
2,732
3,673
4,94
5,3273
6,2019
7,1233
8,4000
9,3237
10,1819
11,2473
12,1438
13,2248
14,1882
15,2040
16,3173
17,240
18,127
19,469
20,2546
21,718
22,2791
23,2271
24,3321
25,744
26,3104
27,3535
28,2314
29,2717
30,1688
31,1291
32,3718
33,3005
34,3281
35,2382
36,1529
37,233
38,3272
39,4029
40,2703
41,967
42,1778
43,1752
44,3986
45,3989
46,3065
47,2071
48,1327
49,2065
50,1422
51,3641
52,671
53,1432
54,1046
55,1953
56,3204
57,2672
58,3050
59,4028
60,3887
61,442
62,3729
63,2566
64,117
65,931
66,1840
67,131
68,1495
69,85
70,49
71,1281
72,2086
73,29
74,3968
75,3304
76,1465
77,1882
78,2767
79,212
80,1645
81,1594
82,1865
83,3816
84,3968
85,2747
86,1866
87,2017
88,186
89,3989
90,2287
91,3828
92,2607
93,926
94,1144
95,383
96,2168
97,3668
98,1597
99,3618
100,1363
101,3646
102,239
103,2527
104,2052
105,2342
106,1107
107,588
108,3926
109,2274
110,2593
111,110
112,3514
113,221
114,786
115,26
116,1425
117,1519
118,877
119,2965
120,961
121,3132
122,2644
123,2433
124,1984
125,460
126,2357
127,3283
128,391
129,965
130,1362
131,2698
132,306
133,1012
134,1245
135,3371
136,869
137,2830
138,252
139,1957
140,2678
141,2025
142,3156
143,411
144,1243
145,884
146,129
147,697
148,90
149,2489
150,3628
151,1417
152,423
153,3625
154,1940
155,2367
156,176
157,150
158,1615
159,611
160,3875
161,233
162,482
163,793
164,1643
165,3143
166,2349
167,3784
168,3625
169,2742
170,2190
171,2131
172,836
173,2441
174,2973
175,1768
176,294
177,3212
178,1354
179,2306
180,3648
181,823
182,2435
183,1115
184,1194
185,2697
186,1494
187,4053
188,1567
189,2348
190,2856
191,1107
192,1518
193,2906
194,1277
195,2871
196,2234
197,539
198,2667
199,1500
200,314
201,2150
202,3274
203,1763
204,2586
205,2265
206,2570
207,2677
208,3785
209,3050
210,3041
211,1832
212,1676
213,2218
214,3651
215,462
216,428
217,3966
218,787
219,3502
220,382
221,171
222,2711
223,30
224,2577
225,2030
226,896
227,293
228,2303
229,892
230,1102
231,3825
232,1608
233,1790
234,3229
235,784
236,3400
237,1943
238,1982
239,2905
240,2554
241,1668
242,1052
243,3614
244,2988
245,3218
246,2043
247,3376
248,1138
249,1959
250,2242
251,596
252,3221
253,2096
254,2541
255,1021
256,1122
257,1682
258,3841
259,147
260,973
261,800
262,1471
263,1935
264,3800
265,596
266,3347
267,2524
268,394
269,1287
270,934
271,1684
272,1746
273,2881
274,1546
275,2153
276,203
277,2054
278,2432
279,1921
280,3648
281,1124
282,2854
283,2313
284,700
285,3242
286,176
287,934
288,2813
289,1730
290,3905
291,2321
292,2963
293,252
294,3106
295,1469
296,3531
297,11
298,1193
299,2331
300,2592
301,308
302,3524
303,3906
304,2244
305,1955
306,736
307,3370
308,15
309,2805
310,640
311,3468
312,1273
313,3407
314,2653
315,248
316,998
317,1587
318,2574
319,3657
320,2851
321,3060
322,2522
323,2899
324,3317
325,792
326,424
327,3309
328,2951
329,397
330,1631
331,1497
332,778
333,1859
334,86
335,1676
336,1902
337,1917
338,2488
339,1380
340,4053
341,3214
342,3463
343,1800
344,2787
345,740
346,3419
347,1852
348,1139
349,394
350,1858
351,2236
352,1152
353,1755
354,3946
355,2279
356,1620
357,2378
358,4000
359,2401
360,3500
361,576
362,466
363,3649
364,1167
365,2217
366,1176
367,1629
368,1842
369,1467
370,2332
371,1048
372,1038
373,1682
374,2717
375,82
376,592
377,697
378,3862
379,3092
380,2530
381,3113
382,775
383,3776
384,780
385,26
386,515
387,1170
388,1778
389,904
390,1165
391,3711
392,1624
393,2324
394,2380
395,2173
396,1974
397,2105
398,2051
399,1932
400,2927
401,3249
402,2278
403,1901
404,3065
405,719
406,252
407,3650
408,1969
409,1474
410,789
411,470
412,807
413,1609
414,3302
415,2955
416,3526
417,4062
418,1325
419,1006
420,705
421,1614
422,1508
423,436
424,3500
425,1157
426,3864
427,1599
428,2214
429,3350
430,3777
431,3765
432,2390
433,2561
434,222
435,2206
436,2259
437,456
438,2982
439,1587
440,659
441,2545
442,3705
443,2953
444,43
445,1835
446,3325
447,2034
448,313
449,2268
450,1441
451,4030
452,786
453,3038
454,3504
455,3545
456,1573
457,3777
458,2039
459,189
460,1890
461,633
462,632
463,3650
464,2427
465,2673
466,3839
467,2009
468,4040
469,2806
470,2036
471,3144
472,1972
473,3498
474,1477
475,851
476,1145
477,1767
478,2195
479,572
480,3892
481,3200
482,2725
483,277
484,2571
485,1591
486,2428
487,3957
488,2460
489,1025
490,3898
491,2079
492,2545
493,270
494,2556
495,3469
496,2869
497,1838
498,666
499,209
500,3006
501,1388
502,2981
503,2124
504,444
505,3869
506,4008
507,1319
508,1399
509,3589
510,46
511,3578
512,3227
513,895
514,2169
515,32
516,1412
517,3895
518,2933
519,1457
520,2901
521,1605
522,374
523,2957
524,3232
525,3813
526,3632
527,2885
528,2339
529,3955
530,2379
531,3500
532,1051
533,251
534,3921
535,2507
536,1656
537,1548
538,2335
539,1533
540,2191
541,2238
542,3582
543,25
544,3059
545,4051
546,3346
547,2156
548,1307
549,1399
550,1061
551,1403
552,766
553,800
554,1440
555,1721
556,2625
557,3892
558,3038
559,3243
560,3394
561,1679
562,3389
563,537
564,913
565,1449
566,2874
567,3594
568,175
569,2412
570,581
571,1864
572,3271
573,243
574,350
575,3332
576,2995
577,212
578,1531
579,2617
580,2703
581,842
582,1847
583,1779
584,1129
585,2105
586,3841
587,2588
588,1460
589,2168
590,1079
591,469
592,3801
593,885
594,1552
595,3006
596,1791
597,38
598,161
599,3008
600,2121
601,3872
602,1577
603,750
604,2381
605,854
606,1208
607,1089
608,3477
609,952
610,3738
611,1436
612,1544
613,1617
614,625
615,3704
616,2319
617,3404
618,2743
619,2860
620,3389
621,2341
622,21
623,3237
624,1544
625,4025
626,3180
627,1340
628,3263
629,604
630,3389
631,3034
632,1448
633,2460
634,2635
635,2154
636,485
637,1820
638,3998
639,2090
640,865
641,3596
642,1033
643,1828
644,2904
645,2155
646,3439
647,2058
648,2082
649,326
650,3685
651,3466
652,1742
653,817
654,422
655,2296
656,843
657,3296
658,948
659,1739
660,1447
661,290
662,3630
663,2136
664,1011
665,3280
666,3355
667,1107
668,4001
669,979
670,2596
671,3320
672,2894
673,2622
674,2846
675,3113
676,2262
677,1414
678,3422
679,1454
680,3301
681,2468
682,1149
683,3208
684,3232
685,1565
686,2023
687,3664
688,3885
689,1288
690,190
691,1008
692,3780
693,1916
694,911
695,3015
696,1648
697,743
698,4064
699,2709
700,3787
701,1630
702,810
703,1272
704,212
705,1791
706,2503
707,2058
708,1976
709,874
710,1220
711,799
712,210
713,572
714,807
715,1691
716,2379
717,355
718,1799
719,3109
720,2495
721,1918
722,1458
723,3706
724,3393
725,3197
726,3347
727,1830
728,2222
729,1018
730,504
731,1433
732,662
733,1417
734,3233
735,907
736,2671
737,3011
738,3183
739,2663
740,3427
741,2533
742,770
743,3759
744,1563
745,1998
746,3139
747,608
748,2165
749,3139
750,3395
751,2946
752,2180
753,3785
754,2476
755,842
756,2862
757,1220
758,581
759,1218
760,2147
761,3677
762,1349
763,3239
764,919
765,3791
766,767
767,3058
768,975
769,1058
770,3599
771,1039
772,2659
773,429
774,3744
775,3668
776,1431
777,793
778,2557
779,3151
780,947
781,80
782,3278
783,2072
784,699
785,233
786,2232
787,3232
788,3807
789,948
790,3781
791,2210
792,187
793,787
794,3553
795,3252
796,2403
797,2379
798,4048
799,2151
800,1615
801,3203
802,1189
803,2801
804,288
805,2028
806,2250
807,2701
808,1994
809,2337
810,3582
811,983
812,169
813,3285
814,3433
815,2718
816,1233
817,1492
818,18
819,2653
820,1633
821,1081
822,3590
823,3239
824,3373
825,3812
826,3267
827,2314
828,1106
829,2364
830,1170
831,3552
832,2926
833,2397
834,2443
835,1281
836,2981
837,2884
838,271
839,3573
840,855
841,338
842,3881
843,1538
844,820
845,1933
846,3261
847,3396
848,2764
849,967
850,3694
851,3554
852,296
853,3767
854,227
855,2739
856,3420
857,3878
858,726
859,3601
860,1814
861,400
862,3327
863,2531
864,1226
865,141
866,3761
867,3175
868,3155
869,2470
870,3346
871,1939
872,3121
873,3527
874,745
875,2678
876,3349
877,1126
878,3282
879,971
880,2126
881,3640
882,1302
883,1545
884,850
885,3644
886,4074
887,2907
888,436
889,1638
890,1135
891,2036
892,321
893,1743
894,1525
895,2083
896,325
897,1698
898,1496
899,1336
900,3928
901,3906
902,3096
903,3010
904,2413
905,1192
906,1161
907,1244
908,103
909,2947
910,1854
911,1136
912,1041
913,1942
914,1331
915,1352
916,3580
917,2152
918,2149
919,2455
920,862
921,1754
922,277
923,2296
924,3643
925,3150
926,2298
927,216
928,1827
929,1719
930,2176
931,3948
932,956
933,1839
934,3436
935,424
936,2290
937,128
938,632
939,2813
940,838
941,1248
942,33
943,3843
944,1911
945,2049
946,755
947,3786
948,4068
949,1544
950,433
951,1474
952,3119
953,3536
954,2880
955,3456
956,697
957,3085
958,876
959,3445
960,1249
961,390
962,879
963,998
964,1960
965,3527
966,2191
967,3630
968,1387
969,1837
970,2502
971,3866
972,3113
973,3567
974,204
975,1886
976,3646
977,438
978,3742
979,3916
980,3850
981,3333
982,3632
983,246
984,880
985,1439
986,2340
987,343
988,1664
989,131
990,2420
991,2695
992,3580
993,2460
994,245
995,733
996,522
997,2183
998,205
999,1267
1000,2921
1001,3806
1002,4024
1003,2882
1004,1525
1005,2738
1006,538
1007,284
1008,3567
1009,1269
1010,2680
1011,2669
1012,2016
1013,3654
1014,3205
1015,4015
1016,3262
1017,2302
1018,764
1019,2794
1020,3167
1021,665
1022,3268
1023,3320
1024,510
1025,3071
1026,3526
1027,169
1028,3560
1029,2852
1030,2231
1031,1214
1032,1547
1033,2820
1034,1315
1035,2107
1036,3648
1037,520
1038,3137
1039,830
1040,2315
1041,2935
1042,2653
1043,495
1044,1995
1045,1092
1046,896
1047,3184
1048,954
1049,450
1050,2046
1051,2822
1052,129
1053,1821
1054,805
1055,1774
1056,714
1057,1895
1058,3125
1059,1040
1060,2959
1061,3037
1062,213
1063,2149
1064,3419
1065,625
1066,4023
1067,1061
1068,2392
1069,1100
1070,2051
1071,1674
1072,2649
1073,3204
1074,3562
1075,1404
1076,2208
1077,1056
1078,735
1079,1170
1080,908
1081,2774
1082,1866
1083,434
1084,3031
1085,2712
1086,645
1087,2879
1088,2997
1089,3885
1090,2910
1091,1461
1092,254
1093,744
1094,2359
1095,4042
1096,2244
1097,2001
1098,3454
1099,3658
1100,931
1101,426
1102,2363
1103,3596
1104,549
1105,3037
1106,944
1107,1173
1108,2011
1109,3421
1110,1374
1111,3227
1112,233
1113,807
1114,883
1115,2077
1116,542
1117,1276
1118,968
1119,2082
1120,558
1121,1902
1122,2797
1123,2141
1124,3475
1125,1602
1126,3407
1127,2236
1128,2865
1129,3721
1130,54
1131,812
1132,543
1133,631
1134,2468
1135,2352
1136,1048
1137,934
1138,3322
1139,1449
1140,2144
1141,2856
1142,1394
1143,2548
1144,4063
1145,2335
1146,3183
1147,2503
1148,688
1149,228
1150,3267
1151,2767
1152,852
1153,2517
1154,2275
1155,3188
1156,2836
1157,2488
1158,673
1159,1940
1160,3877
1161,1151
1162,2205
1163,1720
1164,2811
1165,368
1166,1213
1167,1043
1168,137
1169,83
1170,792
1171,2399
1172,3333
1173,587
1174,1143
1175,1221
1176,2903
1177,2837
1178,4038
1179,1187
1180,2087
1181,2986
1182,2639
1183,608
1184,2114
1185,3564
1186,664
1187,3560
1188,3822
1189,225
1190,1567
1191,2894
1192,2953
1193,3150
1194,1751
1195,2426
1196,1637
1197,2815
1198,3041
1199,2292
1200,1727
1201,2195
1202,1785
1203,723
1204,2595
1205,2827
1206,3187
1207,3687
1208,3467
1209,560
1210,560
1211,2693
1212,892
1213,1721
1214,1973
1215,1255
1216,1249
1217,543
1218,3151
1219,86
1220,2532
1221,1916
1222,2320
1223,1782
1224,2457
1225,3268
1226,3899
1227,1557
1228,3359
1229,792
1230,2684
1231,3787
1232,3753
1233,1992
1234,442
1235,788
1236,1402
1237,487
1238,2083
1239,516
1240,1629
1241,1462
1242,863
1243,3142
1244,3604
1245,1144
1246,2675
1247,2073
1248,2309
1249,780
1250,419
1251,3400
1252,1719
1253,997
1254,1176
1255,196
1256,1405
1257,140
1258,416
1259,814
1260,3759
1261,1639
1262,1054
1263,1636
1264,1779
1265,1460
1266,2979
1267,3688
1268,1153
1269,727
1270,1321
1271,3740
1272,1087
1273,2437
1274,3998
1275,1370
1276,2749
1277,3127
1278,2780
1279,1793
1280,1624
1281,963
1282,3114
1283,2968
1284,1396
1285,2912
1286,659
1287,3544
1288,344
1289,668
1290,257
1291,1245
1292,519
1293,3709
1294,3415
1295,1507
1296,2664
1297,2128
1298,3040
1299,1209
1300,250
1301,456
1302,1932
1303,1457
1304,3927
1305,1676
1306,1253
1307,3048
1308,2591
1309,3851
1310,3824
1311,3327
1312,3864
1313,3881
1314,187
1315,3631
1316,3309
1317,1454
1318,3324
1319,115
1320,1814
1321,1896
1322,207
1323,2462
1324,3244
1325,553
1326,1161
1327,394
1328,244
1329,2066
1330,3212
1331,1580
1332,1515
1333,3744
1334,950
1335,844
1336,3217
1337,1161
1338,1632
1339,2170
1340,2405
1341,2363
1342,309
1343,1468
1344,110
1345,3381
1346,3715
1347,2214
1348,3033
1349,1792
1350,3399
1351,823
1352,1254
1353,3661
1354,3746
1355,1772
1356,1134
1357,2801
1358,2764
1359,2616
1360,105
1361,1774
1362,2945
1363,2921
1364,827
1365,1827
1366,598
1367,3008
1368,2276
1369,2347
1370,471
1371,3059
1372,2039
1373,3873
1374,96
1375,1844
1376,2914
1377,1669
1378,896
1379,3093
1380,2056
1381,2340
1382,1589
1383,611
1384,2693
1385,1294
1386,608
1387,3531
1388,1317
1389,1103
1390,2514
1391,4015
1392,744
1393,2544
1394,1648
1395,1787
1396,3156
1397,425
1398,682
1399,636
1400,764
1401,48
1402,3069
1403,354
1404,1986
1405,205
1406,2848
1407,3895
1408,517
1409,2153
1410,3167
1411,1590
1412,3558
1413,1150
1414,2470
1415,1422
1416,1158
1417,3917
1418,710
1419,1693
1420,1287
1421,1294
1422,3881
1423,778
1424,1154
1425,2530
1426,1943
1427,3935
1428,2548
1429,1130
1430,3481
1431,27
1432,1133
1433,117
1434,260
1435,2165
1436,1546
1437,1105
1438,4068
1439,1231
1440,3760
1441,3994
1442,2971
1443,3617
1444,2573
1445,3413
1446,3170
1447,1909
1448,3761
1449,2864
1450,861
1451,2331
1452,2184
1453,4038
1454,2158
1455,2833
1456,2404
1457,3941
1458,1473
1459,3708
1460,1529
1461,2825
1462,1905
1463,3382
1464,732
1465,3725
1466,1692
1467,1968
1468,1013
1469,1634
1470,3800
1471,2542
1472,1791
1473,3550
1474,3319
1475,2991
1476,451
1477,970
1478,3956
1479,2209
1480,1772
1481,3729
1482,419
1483,2079
1484,424
1485,2779
1486,757
1487,2741
1488,1493
1489,716
1490,2205
1491,2808
1492,816
1493,287
1494,1
1495,1521
1496,1822
1497,393
1498,2431
1499,2215
1500,501
1501,3077
1502,2039
1503,2036
1504,1704
1505,2757
1506,3438
1507,3349
1508,2663
1509,686
1510,3286
1511,1438
1512,2021
1513,3760
1514,1366
1515,43
1516,27
1517,2789
1518,2365
1519,3415
1520,2039
1521,824
1522,1392
1523,284
1524,2304
1525,162
1526,2617
1527,2572
1528,2146
1529,1662
1530,1174
1531,574
1532,669
1533,1142
1534,3977
1535,1521
1536,1233
1537,1255
1538,1745
1539,2346
1540,1034
1541,1067
1542,256
1543,2724
1544,1496
1545,2116
1546,506
1547,2569
1548,1266
1549,3004
1550,1659
1551,357
1552,3634
1553,1375
1554,2253
1555,1096
1556,336
1557,2734
1558,411
1559,816
1560,2419
1561,2617
1562,3713
1563,3074
1564,2260
1565,2078
1566,3842
1567,197
1568,412
1569,1092
1570,3612
1571,3354
1572,2682
1573,1591
1574,3373
1575,3199
1576,2857
1577,2694
1578,1128
1579,73
1580,405
1581,3774
1582,3083
1583,2580
1584,2198
1585,3012
1586,3957
1587,101
1588,638
1589,1447
1590,287
1591,840
1592,2868
1593,802
1594,2524
1595,1158
1596,805
1597,1372
1598,2105
1599,2888
1600,3555
1601,3916
1602,2513
1603,1672
1604,570
1605,329
1606,2682
1607,1777
1608,856
1609,1874
1610,1733
1611,1299
1612,154
1613,3625
1614,2512
1615,2841
1616,2161
1617,3885
1618,958
1619,3624
1620,2495
1621,3660
1622,3877
1623,3834
1624,882
1625,2628
1626,1302
1627,2866
1628,3422
1629,13
1630,3468
1631,1166
1632,3792
1633,2679
1634,113
1635,781
1636,662
1637,1652
1638,2901
1639,3157
1640,1668
1641,1607
1642,36
1643,992
1644,1364
1645,938
1646,2723
1647,2268
1648,767
1649,3361
1650,911
1651,435
1652,3745
1653,2410
1654,3078
1655,2791
1656,3872
1657,2723
1658,2390
1659,3501
1660,53
1661,332
1662,976
1663,3758
1664,3834
1665,1204
1666,1761
1667,473
1668,2657
1669,1662
1670,2332
1671,3455
1672,3183
1673,3995
1674,3866
1675,946
1676,3131
1677,3904
1678,298
1679,231
1680,3481
1681,2095
1682,2054
1683,543
1684,1516
1685,3146
1686,2848
1687,1899
1688,2814
1689,2540
1690,3498
1691,424
1692,3434
1693,755
1694,2105
1695,1331
1696,3670
1697,1235
1698,2402
1699,3693
1700,4029
1701,994
1702,2485
1703,3312
1704,220
1705,833
1706,800
1707,613
1708,2894
1709,745
1710,3901
1711,1805
1712,1512
1713,523
1714,626
1715,4014
1716,6
1717,2596
1718,1563
1719,628
1720,1047
1721,1608
1722,3426
1723,3415
1724,1275
1725,1720
1726,2159
1727,2932
1728,1814
1729,2917
1730,3532
1731,3297
1732,2441
1733,1053
1734,3357
1735,775
1736,416
1737,536
1738,268
1739,442
1740,270
1741,548
1742,2303
1743,1487
1744,1884
1745,769
1746,683
1747,24
1748,3577
1749,110
1750,2272
1751,1286
1752,529
1753,2103
1754,400
1755,2674
1756,1227
1757,2947
1758,1356
1759,2874
1760,1114
1761,1547
1762,835
1763,1413
1764,1256
1765,3076
1766,816
1767,3405
1768,2974
1769,3169
1770,1767
1771,2737
1772,4018
1773,3795
1774,3462
1775,1993
1776,3162
1777,3431
1778,2598
1779,4002
1780,2652
1781,2320
1782,4032
1783,339
1784,945
1785,2144
1786,361
1787,757
1788,1966
1789,1226
1790,118
1791,1588
1792,2380
1793,325
1794,261
1795,1043
1796,646
1797,1144
1798,1065
1799,1863
1800,299
1801,3197
1802,3168
1803,2523
1804,2433
1805,2600
1806,1937
1807,3798
1808,2713
1809,1740
1810,1362
1811,3696
1812,1389
1813,3190
1814,1568
1815,2266
1816,284
1817,3840
1818,1016
1819,3142
1820,2020
1821,2385
1822,1214
1823,1296
1824,1560
1825,1165
1826,2251
1827,1559
1828,3219
1829,1790
1830,3990
1831,1421
1832,1376
1833,3019
1834,1022
1835,2478
1836,2114
1837,3629
1838,243
1839,1087
1840,660
1841,3660
1842,919
1843,2669
1844,1647
1845,4
1846,1493
1847,3978
1848,1190
1849,3711
1850,3972
1851,1055
1852,3655
1853,566
1854,1178
1855,1820
1856,1594
1857,58
1858,3548
1859,2357
1860,2269
1861,2125
1862,2546
1863,2820
1864,115
1865,2858
1866,1004
1867,3925
1868,2684
1869,1585
1870,2192
1871,1236
1872,3321
1873,1542
1874,3691
1875,1246
1876,2734
1877,1734
1878,4003
1879,3471
1880,3173
1881,1121
1882,1637
1883,855
1884,1399
1885,2918
1886,119
1887,3578
1888,3377
1889,1837
1890,3081
1891,446
1892,156
1893,3959
1894,1786
1895,1605
1896,3112
1897,3160
1898,1977
1899,2603
1900,3746
1901,1065
1902,2265
1903,1135
1904,106
1905,2550
1906,1232
1907,3983
1908,641
1909,2778
1910,2689
1911,869
1912,3127
1913,499
1914,3373
1915,3679
1916,3259
1917,536
1918,1301
1919,510
1920,499
1921,2106
1922,2741
1923,3265
1924,398
1925,3336
1926,530
1927,506
1928,1621
1929,588
1930,3974
1931,745
1932,3933
1933,3201
1934,1529
1935,2397
1936,500
1937,2927
1938,1567
1939,3459
1940,3547
1941,3937
1942,214
1943,36
1944,1266
1945,637
1946,377
1947,3582
1948,2942
1949,1138
1950,335
1951,3596
1952,2064
1953,1862
1954,2640
1955,112
1956,1183
1957,1180
1958,3243
1959,1881
1960,491
1961,2305
1962,36
1963,1725
1964,1008
1965,2197
1966,959
1967,3900
1968,815
1969,1068
1970,3040
1971,2325
1972,1482
1973,3932
1974,3565
1975,611
1976,78
1977,2742
1978,2689
1979,960
1980,462
1981,2941
1982,1382
1983,3538
1984,3878
1985,1740
1986,3763
1987,1958
1988,173
1989,1524
1990,283
1991,3367
1992,675
1993,3580
1994,166
1995,1918
1996,738
1997,2376
1998,435
1999,1763
2000,2313
2001,420
2002,2494
2003,2217
2004,1328
2005,492
2006,1285
2007,1129
2008,119
2009,2871
2010,1056
2011,3090
2012,1236
2013,3841
2014,2261
2015,3386
2016,3698
2017,2974
2018,3215
2019,627
2020,966
2021,2865
2022,863
2023,1981
2024,69
2025,877
2026,1325
2027,1683
2028,3091
2029,2015
2030,1571
2031,2879
2032,2817
2033,2976
2034,3545
2035,3713
2036,3878
2037,1690
2038,3896
2039,772
2040,2953
2041,4051
2042,1032
2043,3325
2044,685
2045,2154
2046,862
2047,1945
2048,1372
2049,3636
2050,1086
2051,2035
2052,3853
2053,3813
2054,3044
2055,4010
2056,596
2057,1255
2058,770
2059,1704
2060,1082
2061,2453
2062,3999
2063,1206
2064,1021
2065,1692
2066,2686
2067,1739
2068,3738
2069,2622
2070,606
2071,5
2072,1345
2073,345
2074,1488
2075,3187
2076,3701
2077,3268
2078,3195
2079,1414
2080,2594
2081,3581
2082,2110
2083,2177
2084,3879
2085,515
2086,2503
2087,2135
2088,3578
2089,85
2090,2413
2091,3752
2092,2841
2093,2541
2094,2200
2095,3328
2096,3135
2097,2534
2098,2109
2099,1405
2100,3784
2101,1305
2102,3860
2103,640
2104,1561
2105,664
2106,995
2107,75
2108,2833
2109,770
2110,3657
2111,638
2112,2537
2113,3387
2114,114
2115,3779
2116,2521
2117,474
2118,1269
2119,266
2120,3921
2121,1678
2122,3443
2123,2765
2124,2689
2125,684
2126,1858
2127,198
2128,103
2129,3962
2130,3059
2131,2167
2132,788
2133,2345
2134,834
2135,1428
2136,2852
2137,2917
2138,2040
2139,903
2140,1700
2141,21
2142,2056
2143,2708
2144,3845
2145,1716
2146,172
2147,849
2148,1347
2149,1586
2150,1936
2151,420
2152,556
2153,1300
2154,2820
2155,1779
2156,3445
2157,3779
2158,2766
2159,386
2160,3278
2161,3152
2162,3890
2163,3400
2164,3540
2165,2263
2166,1158
2167,3366
2168,3383
2169,3662
2170,3159
2171,3274
2172,2271
2173,481
2174,2788
2175,2287
2176,548
2177,3771
2178,1331
2179,2267
2180,3848
2181,3653
2182,764
2183,1664
2184,3582
2185,3030
2186,979
2187,1639
2188,3688
2189,546
2190,1031
2191,673
2192,2078
2193,3336
2194,3278
2195,1740
2196,1039
2197,1466
2198,3453
2199,2463
2200,16
2201,2558
2202,1678
2203,1392
2204,1014
2205,419
2206,1795
2207,375
2208,248
2209,3074
2210,2775
2211,3672
2212,3701
2213,2193
2214,2421
2215,1280
2216,2108
2217,1715
2218,2100
2219,693
2220,858
2221,616
2222,2409
2223,1601
2224,814
2225,93
2226,1813
2227,3459
2228,1040
2229,3065
2230,3812
2231,3512
2232,25
2233,2298
2234,341
2235,2385
2236,1705
2237,2553
2238,3774
2239,1809
2240,2628
2241,1600
2242,1311
2243,147
2244,3137
2245,3344
2246,3001
2247,1199
2248,3223
2249,1531
2250,3755
2251,1910
2252,3955
2253,4005
2254,2429
2255,1377
2256,1211
2257,598
2258,2299
2259,640
2260,579
2261,1529
2262,3573
2263,3055
2264,467
2265,2769
2266,3868
2267,730
2268,536
2269,2452
2270,732
2271,3795
2272,1784
2273,671
2274,911
2275,3691
2276,126
2277,3592
2278,737
2279,3304
2280,170
2281,4035
2282,1181
2283,3422
2284,3889
2285,1599
2286,2059
2287,425
2288,1595
2289,3944
2290,1531
2291,1397
2292,394
2293,1228
2294,1067
2295,496
2296,1377
2297,480
2298,355
2299,3400
2300,3018
2301,2115
2302,16
2303,1588
2304,1458
2305,3703
2306,3174
2307,479
2308,3400
2309,946
2310,2395
2311,3151
2312,1637
2313,2666
2314,1910
2315,784
2316,712
2317,2050
2318,2459
2319,3567
2320,3627
2321,2506
2322,2944
2323,440
2324,1482
2325,220
2326,1471
2327,2228
2328,2055
2329,923
2330,1353
2331,2121
2332,1336
2333,3014
2334,2688
2335,2556
2336,461
2337,506
2338,3101
2339,150
2340,2034
2341,947
2342,82
2343,560
2344,3714
2345,3750
2346,824
2347,1048
2348,2237
2349,540
2350,1949
2351,1433
2352,2452
2353,1227
2354,3669
2355,1117
2356,295
2357,1087
2358,831
2359,2379
2360,3497
2361,2646
2362,2509
2363,2156
2364,776
2365,1441
2366,2030
2367,104
2368,648
2369,3626
2370,2469
2371,2982
2372,2311
2373,3899
2374,2463
2375,1191
2376,978
2377,1567
2378,2171
2379,1166
2380,1213
2381,4052
2382,3596
2383,1709
2384,845
2385,506
2386,2941
2387,2076
2388,1148
2389,4024
2390,2322
2391,3318
2392,54
2393,628
2394,376
2395,2970
2396,3383
2397,1490
2398,2049
2399,3936
2400,1281
2401,4029
2402,3
2403,1
2404,742
2405,1016
2406,2870
2407,3442
2408,3137
2409,2318
2410,3054
2411,2212
2412,4037
2413,1794
2414,2308
2415,4033
2416,110
2417,4037
2418,1163
2419,869
2420,1726
2421,3812
2422,4042
2423,344
2424,1242
2425,248
2426,3836
2427,3278
2428,3769
2429,1443
2430,1034
2431,3786
2432,160
2433,1624
2434,477
2435,3147
2436,52
2437,1173
2438,3428
2439,2285
2440,3016
2441,1330
2442,3852
2443,1894
2444,2916
2445,2531
2446,1510
2447,1873
2448,2605
2449,2644
2450,3826
2451,1718
2452,231
2453,1032
2454,3154
2455,3207
2456,3628
2457,1261
2458,3704
2459,3294
2460,105
2461,2050
2462,241
2463,2522
2464,187
2465,3419
2466,3781
2467,554
2468,1702
2469,1725
2470,3483
2471,4011
2472,2912
2473,352
2474,251
2475,3530
2476,1957
2477,3640
2478,1725
2479,3619
2480,3609
2481,3356
2482,1758
2483,2441
2484,1730
2485,3000
2486,2368
2487,2162
2488,1662
2489,3545
2490,501
2491,84
2492,238
2493,332
2494,1158
2495,1221
2496,2432
2497,2789
2498,817
2499,3797
2500,691
2501,3351
2502,630
2503,852
2504,2419
2505,1946
2506,900
2507,1883
2508,2698
2509,3579
2510,3054
2511,1496
2512,2738
2513,3894
2514,2178
2515,3916
2516,3579
2517,1420
2518,2651
2519,3538
2520,1950
2521,3844
2522,1200
2523,2394
2524,644
2525,1883
2526,4057
2527,2885
2528,1880
2529,698
2530,2428
2531,1775
2532,1157
2533,1217
2534,136
2535,1132
2536,815
2537,1192
2538,2979
2539,1679
2540,3367
2541,3251
2542,2655
2543,2474
2544,2244
2545,510
2546,953
2547,878
2548,3980
2549,640
2550,506
2551,2219
2552,1705
2553,1671
2554,3007
2555,416
2556,856
2557,1116
2558,3932
2559,1562
2560,632
2561,3321
2562,3602
2563,2985
2564,2207
2565,754
2566,2333
2567,809
2568,1348
2569,112
2570,1642
2571,2704
2572,1010
2573,1495
2574,879
2575,600
2576,2650
2577,1995
2578,1598
2579,3973
2580,3505
2581,1873
2582,1777
2583,1577
2584,1947
2585,3552
2586,1910
2587,1215
2588,324
2589,680
2590,916
2591,3793
2592,415
2593,1309
2594,2549
2595,967
2596,2993
2597,2815
2598,3260
2599,180
2600,2977
2601,1220
2602,156
2603,2915
2604,2499
2605,43
2606,2286
2607,1390
2608,1616
2609,1877
2610,880
2611,2973
2612,1474
2613,3308
2614,374
2615,3086
2616,1659
2617,964
2618,1095
2619,3315
2620,2067
2621,2985
2622,4060
2623,2052
2624,3363
2625,3212
2626,2494
2627,2874
2628,2506
2629,1254
2630,1251
2631,2239
2632,2930
2633,1855
2634,3015
2635,3761
2636,1312
2637,3662
2638,3458
2639,3088
2640,3320
2641,2218
2642,3038
2643,2522
2644,3120
2645,608
2646,1751
2647,1045
2648,3610
2649,197
2650,142
2651,2493
2652,2606
2653,617
2654,1889
2655,2470
2656,2365
2657,3656
2658,2963
2659,2135
2660,1306
2661,2252
2662,2696
2663,2047
2664,3427
2665,206
2666,1531
2667,3453
2668,1227
2669,3629
2670,2660
2671,2782
2672,683
2673,2889
2674,1824
2675,798
2676,3543
2677,1380
2678,1872
2679,2768
2680,1574
2681,2681
2682,3198
2683,2624
2684,2128
2685,3499
2686,1623
2687,3527
2688,3428
2689,1375
2690,3101
2691,561
2692,494
2693,1257
2694,3378
2695,3538
2696,69
2697,3316
2698,3230
2699,460
2700,3372
2701,606
2702,1007
2703,2732
2704,993
2705,2573
2706,397
2707,3042
2708,2376
2709,2383
2710,69
2711,129
2712,2927
2713,1259
2714,1405
2715,723
2716,2639
2717,936
2718,3965
2719,3650
2720,3970
2721,884
2722,386
2723,2362
2724,2800
2725,2070
2726,1227
2727,2889
2728,3248
2729,1962
2730,2995
2731,678
2732,2830
2733,1209
2734,700
2735,2988
2736,2172
2737,2173
2738,2972
2739,1200
2740,3507
2741,917
2742,2777
2743,1523
2744,1644
2745,432
2746,3839
2747,744
2748,1676
2749,790
2750,2533
2751,3845
2752,1571
2753,941
2754,2504
2755,167
2756,201
2757,3411
2758,2845
2759,545
2760,2085
2761,4013
2762,2569
2763,879
2764,221
2765,498
2766,2107
2767,1571
2768,1362
2769,1297
2770,1004
2771,3446
2772,3412
2773,2163
2774,3565
2775,3855
2776,2466
2777,2698
2778,187
2779,1556
2780,1879
2781,3201
2782,3997
2783,3291
2784,1906
2785,1016
2786,45
2787,2199
2788,1804
2789,1064
2790,4070
2791,3939
2792,3962
2793,940
2794,1052
2795,944
2796,1860
2797,229
2798,3083
2799,2175
2800,508
2801,1486
2802,2851
2803,1572
2804,116
2805,3878
2806,113
2807,3963
2808,1169
2809,813
2810,3065
2811,2066
2812,2349
2813,2540
2814,810
2815,749
2816,4075
2817,338
2818,1950
2819,837
2820,3840
2821,3554
2822,2836
2823,713
2824,1860
2825,962
2826,3186
2827,3857
2828,2180
2829,119
2830,159
2831,126
2832,267
2833,603
2834,2159
2835,281
2836,2427
2837,1610
2838,930
2839,2458
2840,14
2841,1566
2842,3161
2843,3296
2844,3371
2845,2064
2846,2147
2847,2042
2848,3798
2849,2921
2850,3167
2851,890
2852,3825
2853,1841
2854,376
2855,2250
2856,3423
2857,2658
2858,2036
2859,1628
2860,3703
2861,3899
2862,3876
2863,3673
2864,2412
2865,1288
2866,2351
2867,2186
2868,577
2869,450
2870,3203
2871,1114
2872,959
2873,2053
2874,478
2875,1181
2876,3672
2877,634
2878,3020
2879,2202
2880,1089
2881,3231
2882,2938
2883,534
2884,998
2885,606
2886,3214
2887,643
2888,265
2889,94
2890,3923
2891,396
2892,2635
2893,2617
2894,1943
2895,2227
2896,1692
2897,46
2898,2617
2899,985
2900,2312
2901,3462
2902,32
2903,1590
2904,3317
2905,3936
2906,1194
2907,1564
2908,3133
2909,1048
2910,1148
2911,3243
2912,1203
2913,1373
2914,1266
2915,855
2916,34
2917,2708
2918,2328
2919,1575
2920,3706
2921,3480
2922,3705
2923,587
2924,2370
2925,1515
2926,3801
2927,3868
2928,3001
2929,703
2930,3034
2931,1683
2932,1483
2933,2269
2934,2795
2935,7
2936,3132
2937,1485
2938,3015
2939,202
2940,2456
2941,2988
2942,727
2943,1243
2944,3271
2945,1520
2946,509
2947,3736
2948,118
2949,1494
2950,3150
2951,1083
2952,500
2953,4037
2954,129
2955,1330
2956,3063
2957,3500
2958,2157
2959,398
2960,536
2961,2205
2962,2086
2963,2936
2964,3264
2965,612
2966,3224
2967,1359
2968,3826
2969,1597
2970,677
2971,951
2972,2067
2973,72
2974,391
2975,1146
2976,2793
2977,2285
2978,2825
2979,2718
2980,1364
2981,333
2982,2466
2983,3872
2984,3660
2985,187
2986,2965
2987,639
2988,1022
2989,4038
2990,1810
2991,1937
2992,4038
2993,3656
2994,3188
2995,3682
2996,1684
2997,1314
2998,4061
2999,2034
3000,3098
3001,24
3002,1408
3003,1155
3004,3644
3005,1510
3006,2355
3007,1447
3008,2276
3009,1155
3010,2658
3011,3473
3012,69
3013,977
3014,3964
3015,2569
3016,735
3017,748
3018,2145
3019,1389
3020,3677
3021,431
3022,3331
3023,3295
3024,3316
3025,1033
3026,1283
3027,539
3028,3227
3029,723
3030,2829
3031,61
3032,2492
3033,561
3034,1711
3035,3919
3036,352
3037,579
3038,3781
3039,3455
3040,2221
3041,863
3042,1394
3043,3236
3044,3463
3045,1400
3046,26
3047,1167
3048,130
3049,4032
3050,1890
3051,3534
3052,1905
3053,1773
3054,4006
3055,2306
3056,2541
3057,7
3058,215
3059,3944
3060,2777
3061,746
3062,772
3063,1558
3064,2581
3065,3188
3066,3954
3067,3641
3068,196
3069,3451
3070,2952
3071,2709
3072,3682
3073,2235
3074,3852
3075,3028
3076,2972
3077,2267
3078,1605
3079,935
3080,3597
3081,116
3082,1591
3083,3166
3084,1210
3085,3716
3086,341
3087,2212
3088,3190
3089,2831
3090,2376
3091,1042
3092,2413
3093,2007
3094,1552
3095,779
3096,1163
3097,2357
3098,1031
3099,3665
3100,762
3101,2697
3102,3906
3103,3252
3104,3290
3105,1100
3106,2556
3107,2746
3108,2393
3109,685
3110,3544
3111,1365
3112,2819
3113,880
3114,485
3115,1836
3116,490
3117,1979
3118,2841
3119,531
3120,981
3121,3353
3122,1716
3123,2868
3124,548
3125,493
3126,2374
3127,1351
3128,171
3129,1416
3130,1285
3131,3006
3132,2826
3133,2734
3134,2054
3135,2519
3136,1210
3137,720
3138,2251
3139,1435
3140,1057
3141,499
3142,1542
3143,1523
3144,2625
3145,2370
3146,1589
3147,1108
3148,516
3149,2679
3150,3171
3151,531
3152,3251
3153,829
3154,3335
3155,1660
3156,2239
3157,3783
3158,2907
3159,214
3160,871
3161,2563
3162,2407
3163,3087
3164,353
3165,3438
3166,2567
3167,2394
3168,3933
3169,2411
3170,1712
3171,2326
3172,2046
3173,3008
3174,2578
3175,2586
3176,846
3177,1067
3178,2703
3179,3506
3180,810
3181,2080
3182,1216
3183,1074
3184,3944
3185,1743
3186,1993
3187,1768
3188,231
3189,2871
3190,921
3191,1536
3192,480
3193,1801
3194,596
3195,1933
3196,1098
3197,3339
3198,2582
3199,2423
3200,517
3201,2377
3202,1995
3203,1923
3204,2117
3205,1886
3206,2845
3207,2239
3208,1006
3209,91
3210,2805
3211,1746
3212,2733
3213,503
3214,689
3215,2841
3216,2027
3217,3656
3218,525
3219,951
3220,2343
3221,257
3222,1094
3223,2227
3224,1518
3225,1512
3226,2941
3227,3380
3228,3426
3229,3478
3230,3359
3231,1386
3232,3734
3233,2509
3234,1829
3235,2088
3236,2406
3237,2601
3238,1361
3239,2179
3240,1470
3241,3450
3242,3519
3243,2778
3244,3996
3245,1593
3246,3972
3247,500
3248,3226
3249,1557
3250,1079
3251,317
3252,3793
3253,3001
3254,784
3255,507
3256,4001
3257,1614
3258,43
3259,2014
3260,1538
3261,542
3262,846
3263,1259
3264,79
3265,1665
3266,1297
3267,2255
3268,1004
3269,3459
3270,66
3271,1796
3272,3274
3273,2599
3274,3683
3275,591
3276,3169
3277,2563
3278,2438
3279,1227
3280,4030
3281,285
3282,3617
3283,2480
3284,2603
3285,3265
3286,2566
3287,3842
3288,3371
3289,3796
3290,717
3291,2636
3292,2078
3293,2473
3294,1122
3295,1978
3296,2157
3297,500
3298,1830
3299,2520
3300,1274
3301,2077
3302,3619
3303,840
3304,2351
3305,2330
3306,132
3307,843
3308,2134
3309,1641
3310,1170
3311,2018
3312,2396
3313,1242
3314,3757
3315,1048
3316,134
3317,1755
3318,1375
3319,1050
3320,3941
3321,1023
3322,81
3323,3593
3324,2754
3325,2953
3326,702
3327,718
3328,561
3329,3162
3330,2711
3331,1318
3332,791
3333,4059
3334,3205
3335,350
3336,2668
3337,2329
3338,1746
3339,932
3340,1927
3341,3335
3342,137
3343,1551
3344,3475
3345,3106
3346,1218
3347,1164
3348,3012
3349,3999
3350,3971
3351,1076
3352,351
3353,505
3354,1847
3355,252
3356,3786
3357,1965
3358,1064
3359,3453
3360,860
3361,3315
3362,850
3363,73
3364,2406
3365,3590
3366,1273
3367,626
3368,342
3369,1223
3370,1219
3371,896
3372,4037
3373,3684
3374,37
3375,1180
3376,808
3377,3615
3378,1963
3379,647
3380,700
3381,997
3382,2103
3383,3328
3384,2700
3385,2868
3386,2140
3387,2881
3388,3196
3389,2790
3390,946
3391,1859
3392,3547
3393,2903
3394,844
3395,3900
3396,2334
3397,1346
3398,1168
3399,2403
3400,1971
3401,1626
3402,83
3403,2501
3404,858
3405,1129
3406,1320
3407,1823
3408,2184
3409,2466
3410,3098
3411,1782
3412,3179
3413,1980
3414,1915
3415,3413
3416,1189
3417,1505
3418,3707
3419,1943
3420,4030
3421,1582
3422,3040
3423,1428
3424,859
3425,573
3426,3860
3427,3844
3428,721
3429,415
3430,906
3431,466
3432,2949
3433,747
3434,3229
3435,993
3436,110
3437,220
3438,3886
3439,740
3440,1892
3441,3393
3442,2878
3443,1018
3444,2724
3445,3531
3446,2871
3447,3508
3448,3892
3449,3940
3450,1595
3451,268
3452,2436
3453,464
3454,2828
3455,3899
3456,2285
3457,3650
3458,2887
3459,2312
3460,1699
3461,1459
3462,479
3463,1493
3464,2081
3465,1437
3466,1378
3467,1779
3468,2816
3469,1856
3470,1046
3471,3217
3472,925
3473,2274
3474,2579
3475,927
3476,1331
3477,2381
3478,2908
3479,886
3480,753
3481,2544
3482,3281
3483,1686
3484,2535
3485,2460
3486,3860
3487,3899
3488,2386
3489,2407
3490,3852
3491,1367
3492,2056
3493,2559
3494,4035
3495,1451
3496,3501
3497,3335
3498,2365
3499,2735
3500,1904
3501,1123
3502,1046
3503,195
3504,2069
3505,3822
3506,1034
3507,2053
3508,545
3509,341
3510,236
3511,2169
3512,1959
3513,912
3514,3454
3515,3486
3516,3941
3517,1169
3518,3359
3519,2276
3520,335
3521,2472
3522,433
3523,3835
3524,1022
3525,2528
3526,2982
3527,1763
3528,3221
3529,3317
3530,2995
3531,1694
3532,883
3533,2241
3534,685
3535,3445
3536,1606
3537,2706
3538,1024
3539,3419
3540,957
3541,1937
3542,414
3543,2024
3544,1191
3545,760
3546,1336
3547,452
3548,3360
3549,2513
3550,4048
3551,1351
3552,3451
3553,3000
3554,4043
3555,4031
3556,3094
3557,3419
3558,596
3559,837
3560,2053
3561,3721
3562,3294
3563,1296
3564,3985
3565,210
3566,1532
3567,576
3568,3117
3569,3734
3570,2112
3571,1196
3572,1856
3573,2906
3574,3172
3575,480
3576,2181
3577,1000
3578,701
3579,2813
3580,3976
3581,1656
3582,2727
3583,2866
3584,3017
3585,3608
3586,983
3587,1924
3588,3180
3589,1171
3590,2610
3591,2702
3592,3635
3593,765
3594,2565
3595,2171
3596,3317
3597,405
3598,974
3599,296
3600,1797
3601,392
3602,1605
3603,3919
3604,1310
3605,3576
3606,3081
3607,2876
3608,939
3609,661
3610,2607
3611,115
3612,3169
3613,289
3614,2317
3615,47
3616,2742
3617,3210
3618,2594
3619,1344
3620,2526
3621,1489
3622,1708
3623,3162
3624,3504
3625,3080
3626,1497
3627,2524
3628,2681
3629,585
3630,3966
3631,2629
3632,3883
3633,2060
3634,158
3635,2742
3636,3701
3637,476
3638,1348
3639,348
3640,1934
3641,74
3642,3730
3643,3237
3644,2521
3645,311
3646,1018
3647,2731
3648,1865
3649,1442
3650,1798
3651,2129
3652,2221
3653,702
3654,600
3655,1487
3656,1967
3657,3166
3658,1231
3659,3037
3660,2301
3661,448
3662,3990
3663,917
3664,292
3665,3678
3666,3626
3667,2052
3668,199
3669,2573
3670,1899
3671,3556
3672,2968
3673,3899
3674,3983
3675,3394
3676,885
3677,754
3678,2307
3679,1886
3680,3932
3681,1147
3682,1265
3683,3950
3684,2355
3685,822
3686,742
3687,3673
3688,3935
3689,1876
3690,2456
3691,3196
3692,1657
3693,2079
3694,2723
3695,184
3696,3845
3697,3358
3698,363
3699,2522
3700,2224
3701,3256
3702,2548
3703,2163
3704,3378
3705,590
3706,3713
3707,433
3708,2854
3709,2913
3710,3778
3711,2041
3712,33
3713,837
3714,1026
3715,2153
3716,3504
3717,2324
3718,1580
3719,2048
3720,1400
3721,1645
3722,706
3723,1611
3724,306
3725,233
3726,1869
3727,2847
3728,2393
3729,3198
3730,764
3731,2668
3732,2124
3733,1586
3734,1144
3735,3316
3736,392
3737,2356
3738,3081
3739,1906
3740,2915
3741,1993
3742,1465
3743,2770
3744,4017
3745,1016
3746,2941
3747,1680
3748,2571
3749,131
3750,1093
3751,2700
3752,3114
3753,3867
3754,255
3755,3066
3756,1986
3757,1789
3758,2644
3759,3189
3760,3390
3761,850
3762,1992
3763,2021
3764,2492
3765,1036
3766,1307
3767,176
3768,3347
3769,3379
3770,1965
3771,3593
3772,3271
3773,718
3774,3517
3775,3383
3776,3193
3777,913
3778,643
3779,1958
3780,1409
3781,730
3782,1646
3783,2783
3784,244
3785,286
3786,1810
3787,964
3788,8
3789,3602
3790,237
3791,2603
3792,3155
3793,175
3794,1024
3795,2535
3796,896
3797,516
3798,2549
3799,3561
3800,1761
3801,3505
3802,3311
3803,3873
3804,1871
3805,1678
3806,1830
3807,1136
3808,2802
3809,897
3810,2902
3811,2929
3812,841
3813,157
3814,2043
3815,1003
3816,814
3817,1095
3818,1827
3819,201
3820,1886
3821,2418
3822,1034
3823,361
3824,1791
3825,2193
3826,3595
3827,3492
3828,2492
3829,2170
3830,233
3831,1384
3832,913
3833,3895
3834,1291
3835,1579
3836,1760
3837,895
3838,909
3839,3415
3840,3950
3841,2855
3842,2189
3843,2439
3844,2074
3845,4028
3846,1700
3847,590
3848,1875
3849,2964
3850,3331
3851,1763
3852,1769
3853,963
3854,2723
3855,1565
3856,261
3857,1031
3858,1545
3859,2298
3860,1945
3861,868
3862,575
3863,1976
3864,2853
3865,2719
3866,3026
3867,272
3868,2136
3869,3558
3870,1758
3871,1064
3872,14
3873,2819
3874,2392
3875,1373
3876,3522
3877,791
3878,866
3879,666
3880,3865
3881,746
3882,3775
3883,2430
3884,1031
3885,170
3886,3104
3887,211
3888,3462
3889,3328
3890,2351
3891,685
3892,3727
3893,1462
3894,2658
3895,1519
3896,1815
3897,2729
3898,3986
3899,1506
3900,667
3901,1767
3902,101
3903,2434
3904,2712
3905,3908
3906,310
3907,432
3908,1366
3909,576
3910,13
3911,1588
3912,2645
3913,2461
3914,3437
3915,2145
3916,3430
3917,887
3918,1586
3919,3372
3920,613
3921,869
3922,2282
3923,783
3924,3251
3925,1558
3926,3730
3927,4018
3928,3616
3929,3143
3930,2171
3931,1411
3932,2756
3933,3482
3934,3590
3935,1780
3936,341
3937,2042
3938,257
3939,2206
3940,2787
3941,681
3942,3276
3943,2120
3944,3947
3945,1106
3946,1033
3947,1265
3948,3133
3949,1154
3950,1416
3951,486
3952,1740
3953,2453
3954,118
3955,397
3956,3764
3957,394
3958,839
3959,3052
3960,2939
3961,195
3962,2294
3963,2670
3964,3869
3965,798
3966,594
3967,2960
3968,3033
3969,1844
3970,1240
3971,1958
3972,2659
3973,1872
3974,1314
3975,2799
3976,3050
3977,1685
3978,785
3979,879
3980,3100
3981,3102
3982,3600
3983,383
3984,1219
3985,1501
3986,2028
3987,3365
3988,2745
3989,3775
3990,2808
3991,2787
3992,32
3993,1343
3994,496
3995,1853
3996,980
3997,3377
3998,1589
3999,2854
4000,1103
4001,2178
4002,986
4003,1641
4004,2433
4005,219
4006,82
4007,2776
4008,2250
4009,2541
4010,3584
4011,1521
4012,78
4013,2450
4014,326
4015,303
4016,2936
4017,3310
4018,1516
4019,301
4020,3116
4021,2058
4022,3366
4023,1579
4024,1744
4025,2466
4026,3054
4027,2269
4028,2455
4029,1115
4030,279
4031,3670
4032,3018
4033,484
4034,1475
4035,355
4036,2021
4037,2977
4038,3734
4039,3880
4040,657
4041,1891
4042,4002
4043,1575
4044,533
4045,2018
4046,2261
4047,2695
4048,3178
4049,2823
4050,2209
4051,3315
4052,4073
4053,3030
4054,1918
4055,3666
4056,49
4057,3460
4058,927
4059,1621
4060,3597
4061,3761
4062,3592
4063,3749
4064,2375
4065,3067
4066,790
4067,155
4068,2182
4069,3646
4070,1508
4071,266
4072,2080
4073,3771
4074,1459
4075,1089
4076,752
4077,3663
4078,3120
4079,388
4080,117
4081,1239
4082,2653
4083,2763
4084,1517
4085,271
4086,1153
4087,3188
4088,3997
4089,2492
4090,136
4091,3603
4092,1927
4093,2075
4094,2104
4095,1398
4096,3898
4097,2046
4098,1758
4099,2954
4100,1848
4101,3621
4102,2169
4103,691
4104,1311
4105,978
4106,1319
4107,4073
4108,2614
4109,3385
4110,1728
4111,1320
4112,3823
4113,1843
4114,3048
4115,1310
4116,1553
4117,790
4118,1873
4119,1708
4120,1132
4121,2219
4122,198
4123,691
4124,1319
4125,57
4126,651
4127,1969
4128,608
4129,3904
4130,81
4131,2075
4132,588
4133,13
4134,2346
4135,3101
4136,2951
4137,1248
4138,2132
4139,2927
4140,3821
4141,2178
4142,2165
4143,304
4144,3793
4145,914
4146,795
4147,2057
4148,1310
4149,714
4150,3769
4151,1879
4152,3065
4153,376
4154,61
4155,3920
4156,952
4157,1527
4158,1720
4159,1944
4160,1967
4161,1474
4162,3963
4163,165
4164,1763
4165,3232
4166,71
4167,2092
4168,2815
4169,1456
4170,3876
4171,2638
4172,2274
4173,926
4174,3335
4175,1378
4176,555
4177,33
4178,3701
4179,3967
4180,1055
4181,2068
4182,1266
4183,3842
4184,1803
4185,2241
4186,2559
4187,1973
4188,2275
4189,1513
4190,1151
4191,3138
4192,3150
4193,3011
4194,941
4195,2330
4196,3049
4197,2632
4198,2916
4199,3149
4200,3221
4201,3679
4202,2807
4203,3626
4204,958
4205,280
4206,3774
4207,475
4208,243
4209,2391
4210,3259
4211,64
4212,2012
4213,3526
4214,3981
4215,210
4216,1804
4217,1020
4218,2856
4219,1992
4220,3674
4221,537
4222,1239
4223,2469
4224,341
4225,39
4226,2545
4227,3052
4228,1768
4229,811
4230,1129
4231,1470
4232,1419
4233,2661
4234,3195
4235,2404
4236,1063
4237,3697
4238,2704
4239,1116
4240,934
4241,2571
4242,1458
4243,50
4244,3200
4245,27
4246,3523
4247,1932
4248,2413
4249,1833
4250,2896
4251,943
4252,2630
4253,529
4254,3210
4255,2623
4256,2979
4257,3436
4258,3863
4259,1810
4260,2578
4261,1353
4262,3541
4263,1039
4264,3697
4265,2592
4266,692
4267,398
4268,1012
4269,350
4270,345
4271,1829
4272,1922
4273,1910
4274,1388
4275,384
4276,3484
4277,2520
4278,1729
4279,1187
4280,938
4281,1653
4282,2937
4283,2381
4284,246
4285,1274
4286,221
4287,2086
4288,665
4289,3191
4290,3755
4291,2272
4292,3622
4293,3324
4294,343
4295,3444
4296,756
4297,3403
4298,478
4299,2774
4300,2219
4301,3963
4302,1591
4303,815
4304,3109
4305,1840
4306,3377
4307,1475
4308,2367
4309,3505
4310,1357
4311,3484
4312,37
4313,3355
4314,3096
4315,1620
4316,62
4317,2844
4318,3674
4319,2374
4320,1364
4321,783
4322,579
4323,3275
4324,1170
4325,2131
4326,3610
4327,280
4328,3652
4329,1901
4330,3599
4331,1680
4332,654
4333,1182
4334,600
4335,3151
4336,2703
4337,3544
4338,3172
4339,2555
4340,1088
4341,2643
4342,1392
4343,1386
4344,3887
4345,3502
4346,1970
4347,3640
4348,414
4349,2636
4350,1429
4351,3465
4352,3186
4353,3380
4354,2207
4355,3970
4356,1112
4357,2147
4358,3543
4359,3048
4360,2369
4361,1501
4362,25
4363,773
4364,506
4365,252
4366,2690
4367,1253
4368,527
4369,1680
4370,3053
4371,2364
4372,3861
4373,2513
4374,820
4375,3243
4376,720
4377,3916
4378,2543
4379,603
4380,2802
4381,2964
4382,3904
4383,1759
4384,485
4385,3207
4386,1568
4387,4004
4388,1744
4389,3121
4390,1617
4391,1539
4392,2126
4393,1463
4394,3754
4395,3990
4396,1972
4397,2680
4398,3312
4399,3483
4400,2713
4401,1160
4402,3020
4403,1757
4404,1204
4405,1592
4406,1548
4407,2254
4408,1082
4409,409
4410,1577
4411,1723
4412,1638
4413,3350
4414,2186
4415,3774
4416,2796
4417,1309
4418,1756
4419,2795
4420,2189
4421,1775
4422,177
4423,2613
4424,485
4425,1530
4426,1422
4427,3682
4428,1591
4429,1407
4430,992
4431,573
4432,1245
4433,595
4434,2935
4435,3879
4436,2895
4437,2952
4438,2324
4439,3666
4440,2894
4441,10
4442,416
4443,3550
4444,27
4445,2274
4446,217
4447,608
4448,3148
4449,4005
4450,2466
4451,468
4452,3452
4453,1308
4454,2626
4455,1858
4456,91
4457,1972
4458,4056
4459,2113
4460,2457
4461,352
4462,3458
4463,2165
4464,2034
4465,2230
4466,402
4467,2710
4468,1869
4469,3486
4470,3483
4471,2540
4472,229
4473,2903
4474,470
4475,1473
4476,30
4477,2480
4478,280
4479,2485
4480,3727
4481,1914
4482,3399
4483,2820
4484,1083
4485,2164
4486,3154
4487,2181
4488,2476
4489,3992
4490,1392
4491,2247
4492,2623
4493,1519
4494,965
4495,3383
4496,3136
4497,3794
4498,476
4499,920
4500,2008
4501,2954
4502,1613
4503,693
4504,1254
4505,2436
4506,491
4507,1863
4508,3226
4509,1530
4510,697
4511,88
4512,331
4513,1376
4514,1619
4515,3586
4516,1066
4517,2034
4518,1946
4519,3812
4520,3279
4521,2567
4522,1141
4523,4025
4524,150
4525,1873
4526,255
4527,2267
4528,208
4529,1559
4530,148
4531,968
4532,101
4533,3291
4534,2398
4535,3207
4536,3746
4537,3059
4538,1364
4539,4064
4540,3420
4541,1795
4542,211
4543,1126
4544,30
4545,1937
4546,3630
4547,1634
4548,3858
4549,886
4550,2291
4551,1827
4552,2020
4553,149
4554,1325
4555,1914
4556,690
4557,3369
4558,37
4559,3069
4560,3631
4561,1649
4562,431
4563,2338
4564,442
4565,164
4566,2272
4567,3441
4568,2648
4569,3231
4570,1833
4571,2769
4572,3720
4573,884
4574,2117
4575,2126
4576,3313
4577,1414
4578,2270
4579,1156
4580,3895
4581,2072
4582,1203
4583,1843
4584,245
4585,2599
4586,1841
4587,2438
4588,4019
4589,1574
4590,1528
4591,1333
4592,2154
4593,1058
4594,1818
4595,827
4596,2563
4597,2282
4598,3497
4599,1897
4600,427
4601,70
4602,3981
4603,1366
4604,1365
4605,2752
4606,2393
4607,200
4608,199
4609,3994
4610,3314
4611,222
4612,1398
4613,974
4614,2969
4615,680
4616,639
4617,2537
4618,99
4619,1721
4620,146
4621,1199
4622,3674
4623,249
4624,2310
4625,1702
4626,3768
4627,3332
4628,983
4629,586
4630,98
4631,1902
4632,1408
4633,2925
4634,1612
4635,2178
4636,3844
4637,3591
4638,2102
4639,718
4640,3746
4641,3667
4642,1493
4643,924
4644,108
4645,680
4646,2674
4647,3475
4648,2454
4649,434
4650,2932
4651,2338
4652,898
4653,2465
4654,1025
4655,3471
4656,3909
4657,2535
4658,1890
4659,3510
4660,138
4661,1360
4662,3121
4663,2813
4664,1476
4665,2127
4666,2207
4667,1608
4668,3414
4669,289
4670,1827
4671,1101
4672,3370
4673,1719
4674,1335
4675,3803
4676,774
4677,1108
4678,3960
4679,2246
4680,3482
4681,2954
4682,1973
4683,1099
4684,3101
4685,382
4686,3844
4687,360
4688,3021
4689,670
4690,1796
4691,1868
4692,1653
4693,735
4694,2648
4695,1783
4696,403
4697,3386
4698,464
4699,1168
4700,2851
4701,2066
4702,79
4703,1136
4704,1487
4705,1862
4706,2605
4707,2480
4708,743
4709,2583
4710,3717
4711,1770
4712,2587
4713,3146
4714,1904
4715,1593
4716,1011
4717,2253
4718,2146
4719,984
4720,1015
4721,1631
4722,3698
4723,1649
4724,16
4725,1738
4726,2946
4727,1315
4728,2346
4729,3487
4730,783
4731,378
4732,2169
4733,1629
4734,2292
4735,256
4736,2021
4737,3172
4738,2078
4739,2868
4740,445
4741,1033
4742,1492
4743,299
4744,2012
4745,2239
4746,2187
4747,88
4748,755
4749,2167
4750,2948
4751,1977
4752,3592
4753,3512
4754,912
4755,3196
4756,932
4757,1435
4758,846
4759,2771
4760,3609
4761,906
4762,747
4763,2945
4764,2239
4765,4008
4766,980
4767,1386
4768,3109
4769,2092
4770,2871
4771,1943
4772,588
4773,770
4774,2883
4775,3549
4776,2966
4777,2412
4778,1035
4779,1849
4780,2277
4781,2118
4782,2871
4783,3007
4784,2657
4785,1439
4786,1999
4787,2823
4788,3013
4789,3908
4790,1283
4791,2835
4792,1313
4793,3713
4794,852
4795,402
4796,1992
4797,1709
4798,2512
4799,3896
4800,3929
4801,784
4802,9
4803,750
4804,515
4805,1715
4806,1672
4807,710
4808,1624
4809,2740
4810,1308
4811,3331
4812,2358
4813,2210
4814,3482
4815,1374
4816,1632
4817,1595
4818,966
4819,2354
4820,2590
4821,2316
4822,2373
4823,1739
4824,3199
4825,3014
4826,1854
4827,3569
4828,3749
4829,1905
4830,635
4831,11
4832,1606
4833,632
4834,2657
4835,269
4836,3012
4837,3539
4838,2030
4839,741
4840,3202
4841,2624
4842,3869
4843,2813
4844,2959
4845,990
4846,1684
4847,1875
4848,3543
4849,2272
4850,3336
4851,1232
4852,1321
4853,2658
4854,3071
4855,791
4856,597
4857,1920
4858,831
4859,991
4860,112
4861,501
4862,3202
4863,2193
4864,1222
4865,2651
4866,1492
4867,2701
4868,2394
4869,4055
4870,347
4871,3867
4872,1301
4873,3481
4874,932
4875,2896
4876,2125
4877,2524
4878,114
4879,2840
4880,1077
4881,2804
4882,2970
4883,591
4884,699
4885,2897
4886,1127
4887,2995
4888,518
4889,2923
4890,1720
4891,548
4892,2347
4893,1805
4894,592
4895,3158
4896,3310
4897,2147
4898,1599
4899,199
4900,2961
4901,2963
4902,3809
4903,1953
4904,3076
4905,2606
4906,3078
4907,3887
4908,156
4909,3038
4910,3785
4911,1769
4912,2792
4913,1088
4914,1976
4915,2660
4916,1728
4917,3816
4918,1242
4919,2573
4920,379
4921,928
4922,3140
4923,3923
4924,1168
4925,20
4926,1575
4927,3136
4928,758
4929,3229
4930,2553
4931,1082
4932,2895
4933,3885
4934,2012
4935,675
4936,2895
4937,2736
4938,3047
4939,1862
4940,124
4941,3505
4942,48
4943,2548
4944,745
4945,3897
4946,1815
4947,1186
4948,929
4949,772
4950,3919
4951,2426
4952,3385
4953,1864
4954,587
4955,1913
4956,2471
4957,1940
4958,2887
4959,3412
4960,522
4961,895
4962,700
4963,1702
4964,3355
4965,1840
4966,506
4967,649
4968,1752
4969,2995
4970,3378
4971,769
4972,3646
4973,426
4974,1525
4975,3717
4976,191
4977,3360
4978,382
4979,2823
4980,1137
4981,3612
4982,2441
4983,1575
4984,280
4985,53
4986,2423
4987,2970
4988,1214
4989,3892
4990,1659
4991,3670
4992,1999
4993,579
4994,3048
4995,2461
4996,3097
4997,2687
4998,3393
4999,2458
5000,1048
5001,2788
5002,2027
5003,2804
5004,3706
5005,1570
5006,1832
5007,2576
5008,713
5009,4056
5010,685
5011,2630
5012,1901
5013,1546
5014,1859
5015,2756
5016,143
5017,2231
5018,2325
5019,2555
5020,1731
5021,1994
5022,410
5023,3826
5024,2284
5025,2672
5026,2702
5027,335
5028,2038
5029,481
5030,3136
5031,1099
5032,1879
5033,2006
5034,1292
5035,1358
5036,2912
5037,3482
5038,1425
5039,990
5040,1370
5041,1247
5042,2838
5043,1889
5044,3463
5045,1917
5046,2998
5047,2917
5048,2080
5049,3458
5050,3376
5051,1215
5052,4061
5053,3602
5054,918
5055,2534
5056,3782
5057,1656
5058,3927
5059,451
5060,665
5061,3595
5062,1459
5063,2020
5064,2704
5065,652
5066,1092
5067,3136
5068,1677
5069,1791
5070,2442
5071,162
5072,3450
5073,2363
5074,2348
5075,220
5076,465
5077,3255
5078,417
5079,1310
5080,1894
5081,1761
5082,1533
5083,792
5084,1943
5085,2540
5086,3785
5087,2990
5088,2715
5089,2648
5090,3445
5091,2993
5092,400
5093,3714
5094,2992
5095,1334
5096,4047
5097,2761
5098,2040
5099,3688
5100,1167
5101,146
5102,529
5103,2193
5104,1670
5105,2212
5106,3743
5107,2155
5108,3540
5109,1837
5110,3851
5111,2206
5112,2865
5113,3586
5114,2479
5115,1946
5116,2879
5117,1884
5118,1018
5119,890
5120,1056
5121,19
5122,930
5123,819
5124,2687
5125,1755
5126,2242
5127,86
5128,557
5129,4010
5130,512
5131,3557
5132,1094
5133,1391
5134,611
5135,919
5136,3473
5137,2589
5138,705
5139,1598
5140,3488
5141,2836
5142,257
5143,20
5144,464
5145,3413
5146,6
5147,2052
5148,2049
5149,1414
5150,3144
5151,1885
5152,1921
5153,2069
5154,619
5155,608
5156,1219
5157,4051
5158,331
5159,1200
5160,556
5161,2366
5162,645
5163,2167
5164,1041
5165,3510
5166,3251
5167,764
5168,2891
5169,424
5170,629
5171,1330
5172,1347
5173,3023
5174,141
5175,3775
5176,194
5177,3603
5178,114
5179,3509
5180,647
5181,3639
5182,3120
5183,3875
5184,2658
5185,125
5186,1288
5187,1865
5188,2868
5189,155
5190,2639
5191,1391
5192,3084
5193,3062
5194,2959
5195,299
5196,1190
5197,88
5198,432
5199,3184
5200,3947
5201,3303
5202,1314
5203,952
5204,2496
5205,1455
5206,362
5207,3258
5208,2626
5209,772
5210,446
5211,2973
5212,869
5213,1865
5214,1179
5215,1888
5216,1047
5217,660
5218,1932
5219,3880
5220,1599
5221,3413
5222,3185
5223,1684
5224,1999
5225,3151
5226,2113
5227,1934
5228,2471
5229,3854
5230,2571
5231,227
5232,3372
5233,1594
5234,501
5235,3746
5236,711
5237,1221
5238,3013
5239,2377
5240,586
5241,2934
5242,2702
5243,360
5244,1128
5245,1313
5246,687
5247,454
5248,2913
5249,3206
5250,2593
5251,543
5252,1706
5253,2898
5254,2087
5255,3615
5256,678
5257,2519
5258,2897
5259,957
5260,76
5261,4046
5262,3412
5263,375
5264,1952
5265,2578
5266,1742
5267,3574
5268,2661
5269,2044
5270,627
5271,3323
5272,2207
5273,432
5274,772
5275,3858
5276,910
5277,3208
5278,3965
5279,3243
5280,451
5281,2059
5282,2152
5283,3052
5284,1779
5285,1923
5286,2588
5287,1281
5288,3890
5289,3778
5290,2109
5291,1408
5292,1304
5293,1242
5294,2543
5295,872
5296,130
5297,3242
5298,1209
5299,4049
5300,1354
5301,3198
5302,1448
5303,672
5304,2272
5305,1752
5306,578
5307,2944
5308,3402
5309,2526
5310,1878
5311,593
5312,1820
5313,586
5314,2076
5315,1899
5316,3514
5317,1126
5318,1411
5319,3009
5320,3004
5321,599
5322,3380
5323,3787
5324,2685
5325,211
5326,1842
5327,3535
5328,1576
5329,2485
5330,734
5331,2269
5332,669
5333,2182
5334,1041
5335,3182
5336,2507
5337,3832
5338,103
5339,3245
5340,106
5341,1380
5342,1187
5343,2367
5344,240
5345,283
5346,1530
5347,2496
5348,1443
5349,1432
5350,2933
5351,3489
5352,2698
5353,637
5354,965
5355,13
5356,950
5357,3044
5358,832
5359,2230
5360,2372
5361,3084
5362,2054
5363,3535
5364,2372
5365,3071
5366,1917
5367,501
5368,1794
5369,3601
5370,3681
5371,903
5372,917
5373,2639
5374,207
5375,3133
5376,1719
5377,1810
5378,3944
5379,3375
5380,747
5381,3277
5382,864
5383,1262
5384,3300
5385,724
5386,1601
5387,3771
5388,1449
5389,1994
5390,3700
5391,4004
5392,974
5393,795
5394,2066
5395,3839
5396,74
5397,2318
5398,1055
5399,3094
5400,2123
5401,655
5402,1002
5403,1754
5404,1691
5405,1031
5406,1406
5407,1971
5408,3372
5409,3822
5410,127
5411,3605
5412,1206
5413,1802
5414,118
5415,1963
5416,2022
5417,1483
5418,1159
5419,1342
5420,1884
5421,2005
5422,2261
5423,2607
5424,649
5425,999
5426,1586
5427,2836
5428,2070
5429,3536
5430,2484
5431,2957
5432,3837
5433,2012
5434,1686
5435,3937
5436,4058
5437,3128
5438,434
5439,787
5440,451
5441,3982
5442,2092
5443,1283
5444,2427
5445,1415
5446,1358
5447,3619
5448,3890
5449,3072
5450,3434
5451,3388
5452,3541
5453,1600
5454,1210
5455,2969
5456,2815
5457,3712
5458,3880
5459,2913
5460,3391
5461,2121
5462,234
5463,212
5464,79
5465,2452
5466,1740
5467,2816
5468,565
5469,2022
5470,1084
5471,1314
5472,2548
5473,1524
5474,3485
5475,3400
5476,2622
5477,3614
5478,544
5479,3567
5480,412
5481,1660
5482,1515
5483,2550
5484,3020
5485,2957
5486,1346
5487,3701
5488,3520
5489,3943
5490,1291
5491,1242
5492,1288
5493,1669
5494,1041
5495,3835
5496,801
5497,2232
5498,3318
5499,1950
5500,1133
5501,1417
5502,1130
5503,515
5504,2623
5505,1506
5506,3607
5507,1991
5508,378
5509,3294
5510,1005
5511,1750
5512,2868
5513,2119
5514,2924
5515,1658
5516,1620
5517,1683
5518,898
5519,2847
5520,2025
5521,1357
5522,2196
5523,2470
5524,2928
5525,718
5526,342
5527,3281
5528,790
5529,3491
5530,1934
5531,3128
5532,3638
5533,1004
5534,2784
5535,3672
5536,1103
5537,243
5538,1006
5539,1388
5540,2455
5541,894
5542,3298
5543,3190
5544,1666
5545,1592
5546,2875
5547,345
5548,1317
5549,3623
5550,2909
5551,45
5552,3123
5553,449
5554,774
5555,1192
5556,4042
5557,2616
5558,2133
5559,3563
5560,3856
5561,3608
5562,2195
5563,1878
5564,1363
5565,3026
5566,3820
5567,420
5568,2777
5569,2014
5570,705
5571,3210
5572,2167
5573,2129
5574,3596
5575,2662
5576,1269
5577,3852
5578,1957
5579,2602
5580,3456
5581,2452
5582,3909
5583,3414
5584,686
5585,3949
5586,1009
5587,646
5588,598
5589,906
5590,1281
5591,3856
5592,3410
5593,606
5594,3094
5595,2268
5596,2645
5597,2229
5598,551
5599,2431
5600,4019
5601,1318
5602,1209
5603,2534
5604,514
5605,1881
5606,2842
5607,367
5608,875
5609,2873
5610,717
5611,1013
5612,1185
5613,731
5614,4006
5615,3570
5616,1448
5617,3480
5618,1547
5619,2124
5620,621
5621,3831
5622,3810
5623,3110
5624,515
5625,3157
5626,1768
5627,109
5628,3134
5629,501
5630,2294
5631,2745
5632,2822
5633,3204
5634,903
5635,1371
5636,2174
5637,1849
5638,82
5639,1063
5640,558
5641,3446
5642,289
5643,3352
5644,2580
5645,3367
5646,3169
5647,527
5648,2926
5649,2626
5650,2932
5651,3527
5652,3153
5653,3675
5654,1519
5655,3454
5656,3249
5657,311
5658,3579
5659,1057
5660,3830
5661,2953
5662,2341
5663,164
5664,979
5665,3052
5666,967
5667,2201
5668,1375
5669,1673
5670,158
5671,886
5672,3243
5673,342
5674,153
5675,93
5676,2644
5677,2201
5678,2492
5679,3741
5680,1419
5681,701
5682,277
5683,3442
5684,4068
5685,2115
5686,867
5687,3241
5688,2066
5689,2404
5690,1923
5691,1617
5692,3067
5693,1076
5694,228
5695,3619
5696,3747
5697,1779
5698,576
5699,360
5700,2698
5701,3890
5702,2423
5703,2483
5704,2247
5705,2779
5706,294
5707,1061
5708,512
5709,1219
5710,2243
5711,3270
5712,1861
5713,3947
5714,3949
5715,1615
5716,87
5717,447
5718,1101
5719,2223
5720,2208
5721,3237
5722,991
5723,3834
5724,1206
5725,3040
5726,1986
5727,605
5728,3860
5729,743
5730,2211
5731,2635
5732,510
5733,2005
5734,2259
5735,1535
5736,2657
5737,686
5738,3988
5739,3649
5740,1650
5741,2176
5742,811
5743,3038
5744,574
5745,522
5746,3896
5747,1222
5748,3999
5749,3494
5750,3542
5751,3835
5752,516
5753,461
5754,2601
5755,2564
5756,2545
5757,2837
5758,1887
5759,3859
5760,2452
5761,2887
5762,1440
5763,3843
5764,2191
5765,181
5766,1704
5767,133
5768,3158
5769,3409
5770,3402
5771,452
5772,606
5773,1642
5774,3986
5775,3113
5776,1270
5777,2088
5778,2980
5779,310
5780,77
5781,257
5782,777
5783,3717
5784,3533
5785,2036
5786,696
5787,770
5788,2488
5789,2295
5790,470
5791,4043
5792,3275
5793,1770
5794,1080
5795,303
5796,3435
5797,485
5798,2450
5799,3969
5800,3326
5801,1423
5802,1675
5803,3234
5804,2559
5805,834
5806,959
5807,3072
5808,3940
5809,1274
5810,2087
5811,1066
5812,3155
5813,2463
5814,2268
5815,3066
5816,1535
5817,12
5818,1638
5819,2346
5820,1112
5821,2993
5822,2957
5823,3522
5824,2774
5825,177
5826,3953
5827,2361
5828,2540
5829,84
5830,1305
5831,1000
5832,1125
5833,889
5834,2434
5835,1291
5836,1249
5837,407
5838,466
5839,3565
5840,1385
5841,3457
5842,3703
5843,1006
5844,484
5845,2493
5846,3469
5847,136
5848,3918
5849,2467
5850,4006
5851,667
5852,2664
5853,305
5854,3294
5855,1204
5856,671
5857,1446
5858,3131
5859,2408
5860,4043
5861,537
5862,1848
5863,2491
5864,2214
5865,102
5866,3944
5867,26
5868,383
5869,916
5870,2736
5871,3719
5872,1290
5873,729
5874,338
5875,3109
5876,1612
5877,3567
5878,1606
5879,2380
5880,812
5881,1531
5882,3642
5883,2420
5884,1210
5885,3324
5886,351
5887,3522
5888,2750
5889,3060
5890,1081
5891,1058
5892,857
5893,4010
5894,3946
5895,2331
5896,1493
5897,1315
5898,1209
5899,3429
5900,2061
5901,581
5902,800
5903,3589
5904,1352
5905,3495
5906,2570
5907,4
5908,1409
5909,1305
5910,2368
5911,2157
5912,3652
5913,2575
5914,3326
5915,488
5916,1227
5917,2115
5918,3034
5919,3147
5920,2256
5921,126
5922,2579
5923,1950
5924,176
5925,228
5926,1061
5927,786
5928,1894
5929,2281
5930,774
5931,2061
5932,547
5933,1703
5934,2035
5935,2534
5936,3138
5937,3282
5938,2541
5939,52
5940,2056
5941,1837
5942,761
5943,2501
5944,134
5945,3183
5946,167
5947,537
5948,2800
5949,533
5950,3520
5951,1379
5952,662
5953,2175
5954,2064
5955,1386
5956,975
5957,1194
5958,1255
5959,2322
5960,3665
5961,520
5962,1224
5963,2575
5964,520
5965,3325
5966,3907
5967,2539
5968,2831
5969,1118
5970,2697
5971,3491
5972,3471
5973,1068
5974,1188
5975,1340
5976,1249
5977,1269
5978,314
5979,2065
5980,2965
5981,1787
5982,2625
5983,3148
5984,1255
5985,535
5986,1009
5987,3943
5988,1455
5989,855
5990,323
5991,2315
5992,3939
5993,2147
5994,913
5995,1026
5996,2621
5997,1049
5998,4038
5999,1867
6000,3476
6001,2882
6002,950
6003,2627
6004,3386
6005,3450
6006,2495
6007,3999
6008,1169
6009,2151
6010,2045
6011,2532
6012,2247
6013,2800
6014,3426
6015,496
6016,3275
6017,2091
6018,1931
6019,1018
6020,1385
6021,2327
6022,1231
6023,530
6024,651
6025,4015
6026,1507
6027,969
6028,1949
6029,1628
6030,1508
6031,3148
6032,2013
6033,1689
6034,3553
6035,210
6036,3840
6037,72
6038,2696
6039,548
6040,2567
6041,3481
6042,2253
6043,3898
6044,3149
6045,725
6046,2408
6047,1780
6048,2335
6049,1238
6050,2103
6051,3351
6052,1403
6053,2245
6054,1893
6055,3110
6056,1530
6057,1222
6058,2910
6059,1903
6060,2502
6061,928
6062,2316
6063,3297
6064,2290
6065,1927
6066,262
6067,2629
6068,3271
6069,2230
6070,2094
6071,2838
6072,1639
6073,1127
6074,3321
6075,2313
6076,1506
6077,794
6078,60
6079,1692
6080,857
6081,4050
6082,3369
6083,1422
6084,433
6085,986
6086,1014
6087,2833
6088,3968
6089,2379
6090,1415
6091,30
6092,2538
6093,1576
6094,1991
6095,659
6096,3688
6097,2909
6098,401
6099,2731
6100,3022
6101,170
6102,3639
6103,784
6104,3358
6105,1206
6106,748
6107,3846
6108,2774
6109,2344
6110,1001
6111,2864
6112,905
6113,2002
6114,1178
6115,2781
6116,3403
6117,4001
6118,3137
6119,247
6120,3141
6121,1695
6122,2433
6123,1715
6124,827
6125,2335
6126,1032
6127,3135
6128,2130
6129,1219
6130,1088
6131,2877
6132,2732
6133,4067
6134,359
6135,3401
6136,178
6137,1376
6138,3809
6139,3812
6140,3545
6141,1753
6142,1849
6143,339
6144,3619
6145,551
6146,1982
6147,3856
6148,2795
6149,2495
6150,3641
6151,2298
6152,3699
6153,624
6154,2090
6155,334
6156,2071
6157,2413
6158,1138
6159,202
6160,476
6161,1927
6162,1895
6163,1405
6164,2094
6165,1119
6166,3884
6167,576
6168,2728
6169,708
6170,3740
6171,246
6172,677
6173,1711
6174,2989
6175,2835
6176,2618
6177,2542
6178,2567
6179,3123
6180,1775
6181,2690
6182,3709
6183,3366
6184,2814
6185,227
6186,1837
6187,1569
6188,3254
6189,877
6190,2860
6191,2353
6192,1845
6193,3335
6194,1698
6195,1299
6196,2017
6197,3372
6198,2539
6199,722
6200,549
6201,1433
6202,3136
6203,3573
6204,2329
6205,1470
6206,2451
6207,3526
6208,773
6209,53
6210,513
6211,634
6212,3224
6213,3685
6214,2675
6215,2960
6216,353
6217,2292
6218,3269
6219,3552
6220,2535
6221,1518
6222,2383
6223,1528
6224,1663
6225,2473
6226,1597
6227,3153
6228,2328
6229,1784
6230,3087
6231,2641
6232,3806
6233,2419
6234,705
6235,1373
6236,317
6237,925
6238,880
6239,2110
6240,356
6241,3426
6242,1570
6243,1483
6244,997
6245,447
6246,627
6247,1598
6248,3532
6249,3797
6250,1448
6251,1908
6252,630
6253,2616
6254,1928
6255,635
6256,3394
6257,2097
6258,3428
6259,974
6260,3459
6261,1637
6262,1187
6263,1168
6264,3615
6265,3590
6266,1239
6267,2076
6268,1938
6269,2509
6270,365
6271,817
6272,1487
6273,1767
6274,450
6275,1667
6276,761
6277,1810
6278,3665
6279,319
6280,2972
6281,3314
6282,2547
6283,1516
6284,2259
6285,3366
6286,2187
6287,2844
6288,4023
6289,3207
6290,903
6291,1662
6292,1425
6293,536
6294,1967
6295,1890
6296,2456
6297,3076
6298,783
6299,2713
6300,776
6301,2017
6302,3957
6303,644
6304,2701
6305,2668
6306,3950
6307,2021
6308,2638
6309,2135
6310,3656
6311,1832
6312,2037
6313,808
6314,585
6315,1107
6316,1928
6317,843
6318,2827
6319,2468
6320,3421
6321,2083
6322,3327
6323,3293
6324,2997
6325,1903
6326,1843
6327,863
6328,1293
6329,2558
6330,2135
6331,1671
6332,2567
6333,3274
6334,3897
6335,693
6336,3575
6337,446
6338,2343
6339,3167
6340,763
6341,243
6342,3199
6343,3344
6344,83
6345,838
6346,2397
6347,1516
6348,2152
6349,1707
6350,3832
6351,2621
6352,466
6353,978
6354,987
6355,842
6356,729
6357,1054
6358,3667
6359,2150
6360,3255
6361,2205
6362,1627
6363,3757
6364,2815
6365,1145
6366,2577
6367,652
6368,2403
6369,1259
6370,3316
6371,730
6372,2912
6373,1479
6374,3909
6375,3916
6376,1829
6377,2431
6378,3106
6379,312
6380,1809
6381,2350
6382,3015
6383,1921
6384,2936
6385,2841
6386,3122
6387,3194
6388,1829
6389,1053
6390,2439
6391,4002
6392,1362
6393,2363
6394,2532
6395,2451
6396,3442
6397,1801
6398,2422
6399,915
6400,135
6401,1559
6402,3087
6403,3152
6404,2251
6405,1135
6406,1771
6407,1417
6408,2318
6409,2008
6410,1972
6411,300
6412,3894
6413,548
6414,622
6415,3522
6416,2072
6417,1470
6418,1962
6419,3837
6420,325
6421,957
6422,2227
6423,1584
6424,2821
6425,3200
6426,2770
6427,1609
6428,3715
6429,866
6430,1536
6431,2192
6432,818
6433,1823
6434,3196
6435,3102
6436,2617
6437,2427
6438,970
6439,2177
6440,1868
6441,2529
6442,1608
6443,1792
6444,2050
6445,2450
6446,1961
6447,321
6448,2704
6449,3350
6450,1257
6451,3001
6452,2881
6453,1263
6454,106
6455,3327
6456,2283
6457,1078
6458,2563
6459,2628
6460,457
6461,3725
6462,521
6463,137
6464,137
6465,2659
6466,2531
6467,943
6468,1781
6469,3701
6470,2878
6471,2451
6472,913
6473,2989
6474,1549
6475,3286
6476,978
6477,669
6478,3674
6479,1570
6480,34
6481,1441
6482,1807
6483,501
6484,615
6485,2627
6486,1940
6487,1665
6488,975
6489,627
6490,4013
6491,3038
6492,1356
6493,1421
6494,3759
6495,1538
6496,3844
6497,1491
6498,115
6499,2884
6500,2324
6501,2549
6502,4041
6503,503
6504,3224
6505,2975
6506,3006
6507,2276
6508,1955
6509,2302
6510,3065
6511,2445
6512,3905
6513,2778
6514,1591
6515,1664
6516,988
6517,1303
6518,2217
6519,3177
6520,3067
6521,2782
6522,2962
6523,1639
6524,1429
6525,83
6526,2552
6527,1313
6528,1529
6529,3668
6530,701
6531,3747
6532,1422
6533,1316
6534,360
6535,1789
6536,2846
6537,2512
6538,704
6539,1798
6540,3776
6541,2811
6542,2077
6543,28
6544,4048
6545,3449
6546,2691
6547,1754
6548,372
6549,2071
6550,2668
6551,702
6552,3354
6553,3978
6554,1896
6555,1972
6556,1907
6557,392
6558,2047
6559,115
6560,2177
6561,2562
6562,1137
6563,2849
6564,3051
6565,2537
6566,427
6567,1052
6568,2669
6569,2017
6570,1398
6571,1593
6572,2889
6573,869
6574,1425
6575,2870
6576,2776
6577,3207
6578,2436
6579,495
6580,128
6581,3640
6582,2938
6583,2015
6584,3986
6585,1381
6586,1154
6587,191
6588,715
6589,2220
6590,3143
6591,643
6592,2387
6593,1104
6594,1211
6595,234
6596,859
6597,1608
6598,2089
6599,3866
6600,3102
6601,1080
6602,2501
6603,4070
6604,2641
6605,3395
6606,3935
6607,2382
6608,2923
6609,1073
6610,434
6611,3765
6612,2119
6613,3928
6614,1430
6615,1300
6616,1001
6617,1867
6618,2709
6619,2461
6620,2718
6621,1823
6622,137
6623,2860
6624,1055
6625,1721
6626,2940
6627,1621
6628,1658
6629,1995
6630,3637
6631,2109
6632,1497
6633,1754
6634,1418
6635,3832
6636,2255
6637,4054
6638,2535
6639,3394
6640,3234
6641,3828
6642,3777
6643,1369
6644,1485
6645,2311
6646,2932
6647,3157
6648,2035
6649,1808
6650,1073
6651,477
6652,1794
6653,599
6654,722
6655,3220
6656,3850
6657,1094
6658,1581
6659,2530
6660,3811
6661,2762
6662,1020
6663,2276
6664,3665
6665,11
6666,2240
6667,2849
6668,2262
6669,3065
6670,1942
6671,2094
6672,1558
6673,2268
6674,2852
6675,2421
6676,1233
6677,857
6678,3636
6679,966
6680,2203
6681,2118
6682,1277
6683,2728
6684,4020
6685,3237
6686,1396
6687,836
6688,3332
6689,2757
6690,2200
6691,424
6692,2216
6693,547
6694,1410
6695,645
6696,3437
6697,2504
6698,3850
6699,300
6700,336
6701,2079
6702,2944
6703,1175
6704,3858
6705,3905
6706,2480
6707,92
6708,3677
6709,817
6710,1187
6711,479
6712,282
6713,2105
6714,3452
6715,2186
6716,1298
6717,91
6718,2813
6719,3313
6720,2152
6721,2455
6722,1226
6723,3553
6724,1541
6725,3916
6726,3206
6727,2785
6728,1898
6729,1820
6730,3789
6731,1097
6732,362
6733,2290
6734,3344
6735,3312
6736,770
6737,780
6738,1922
6739,1348
6740,1165
6741,2159
6742,4064
6743,2984
6744,2118
6745,1394
6746,1284
6747,2406
6748,3566
6749,3170
6750,2627
6751,1059
6752,274
6753,2416
6754,2927
6755,337
6756,1162
6757,1778
6758,3515
6759,2976
6760,894
6761,851
6762,1209
6763,2908
6764,2327
6765,2869
6766,1412
6767,2610
6768,3481
6769,384
6770,382
6771,3103
6772,599
6773,3666
6774,3439
6775,1593
6776,3956
6777,3312
6778,2735
6779,1305
6780,2526
6781,542
6782,201
6783,3032
6784,1580
6785,1753
6786,2204
6787,1980
6788,3850
6789,193
6790,2886
6791,554
6792,3319
6793,1580
6794,873
6795,1030
6796,442
6797,167
6798,3066
6799,793
6800,543
6801,2581
6802,2551
6803,2887
6804,1893
6805,1796
6806,173
6807,1791
6808,1255
6809,2262
6810,1187
6811,2211
6812,1132
6813,3863
6814,936
6815,292
6816,1901
6817,4029
6818,3831
6819,2202
6820,1720
6821,616
6822,1951
6823,2026
6824,2525
6825,1324
6826,827
6827,844
6828,2031
6829,2256
6830,2544
6831,880
6832,1974
6833,445
6834,186
6835,1119
6836,2813
6837,1242
6838,3726
6839,1643
6840,2672
6841,277
6842,3031
6843,1265
6844,86
6845,1662
6846,169
6847,2904
6848,2717
6849,1341
6850,3794
6851,3271
6852,3928
6853,1122
6854,2432
6855,2413
6856,3147
6857,3266
6858,1159
6859,1330
6860,1617
6861,1814
6862,2319
6863,1923
6864,3057
6865,3049
6866,3986
6867,2632
6868,1016
6869,2548
6870,248
6871,3620
6872,2182
6873,2250
6874,2201
6875,2477
6876,1388
6877,2548
6878,3156
6879,2945
6880,3919
6881,3791
6882,1707
6883,848
6884,1558
6885,900
6886,4058
6887,3149
6888,3527
6889,2890
6890,909
6891,2193
6892,1536
6893,417
6894,1841
6895,2505
6896,2640
6897,2292
6898,3097
6899,3943
6900,2570
6901,1962
6902,305
6903,2373
6904,3549
6905,244
6906,2083
6907,615
6908,1687
6909,1850
6910,3715
6911,467
6912,823
6913,3818
6914,1979
6915,1465
6916,2473
6917,672
6918,2365
6919,328
6920,671
6921,3527
6922,45
6923,655
6924,1041
6925,1906
6926,1475
6927,2785
6928,249
6929,997
6930,1836
6931,628
6932,3027
6933,376
6934,3271
6935,3527
6936,3772
6937,3212
6938,3299
6939,34
6940,617
6941,773
6942,3448
6943,2870
6944,2219
6945,2784
6946,1077
6947,25
6948,1183
6949,2749
6950,1491
6951,1947
6952,2765
6953,1378
6954,3173
6955,1287
6956,145
6957,3573
6958,3204
6959,875
6960,3865
6961,3957
6962,554
6963,195
6964,3468
6965,3486
6966,2203
6967,2615
6968,199
6969,797
6970,310
6971,3388
6972,762
6973,493
6974,1564
6975,225
6976,3023
6977,1744
6978,1070
6979,3558
6980,1401
6981,2967
6982,1628
6983,3116
6984,3394
6985,3904
6986,3465
6987,909
6988,3058
6989,1513
6990,887
6991,2012
6992,2022
6993,52
6994,2541
6995,2713
6996,2098
6997,3576
6998,164
6999,1241
7000,2640
7001,1424
7002,2037
7003,1212
7004,747
7005,1651
7006,197
7007,1925
7008,875
7009,1039
7010,3083
7011,4054
7012,536
7013,1324
7014,238
7015,768
7016,49
7017,1679
7018,1897
7019,4076
7020,3790
7021,1291
7022,2055
7023,1906
7024,3920
7025,205
7026,2858
7027,1361
7028,2934
7029,3977
7030,1986
7031,3277
7032,3938
7033,2091
7034,75
7035,1813
7036,470
7037,3137
7038,1362
7039,156
7040,1920
7041,1491
7042,962
7043,3290
7044,2180
7045,1495
7046,52
7047,948
7048,1812
7049,1762
7050,1667
7051,2268
7052,3908
7053,2527
7054,566
7055,3349
7056,1453
7057,836
7058,123
7059,3119
7060,3749
7061,1233
7062,2114
7063,4067
7064,883
7065,107
7066,1674
7067,2213
7068,1072
7069,350
7070,1088
7071,1187
7072,901
7073,3514
7074,205
7075,3234
7076,454
7077,2432
7078,3974
7079,2061
7080,1499
7081,123
7082,2545
7083,4013
7084,844
7085,366
7086,2194
7087,1851
7088,3985
7089,3969
7090,2505
7091,4054
7092,3425
7093,1537
7094,888
7095,1250
7096,1424
7097,3959
7098,3718
7099,1746
7100,1842
7101,893
7102,498
7103,1825
7104,459
7105,567
7106,1672
7107,924
7108,3493
7109,3205
7110,2876
7111,2047
7112,3241
7113,2793
7114,1654
7115,2564
7116,570
7117,3260
7118,2277
7119,3653
7120,2215
7121,120
7122,662
7123,3778
7124,2115
7125,1219
7126,3260
7127,132
7128,3508
7129,2000
7130,2211
7131,1715
7132,1224
7133,1477
7134,1005
7135,2536
7136,2501
7137,3608
7138,1685
7139,1635
7140,1048
7141,2559
7142,2888
7143,1734
7144,1664
7145,265
7146,3083
7147,1219
7148,1314
7149,2624
7150,3850
7151,404
7152,168
7153,1969
7154,1269
7155,2798
7156,816
7157,508
7158,2405
7159,578
7160,2847
7161,2796
7162,1013
7163,3243
7164,1112
7165,3937
7166,3499
7167,1720
7168,3736
7169,223
7170,417
7171,1950
7172,1107
7173,874
7174,2016
7175,493
7176,150
7177,2290
7178,3984
7179,348
7180,3003
7181,3845
7182,2146
7183,1647
7184,506
7185,2469
7186,3450
7187,3173
7188,1059
7189,1120
7190,2954
7191,1041
7192,2367
7193,149
7194,1668
7195,192
7196,681
7197,1633
7198,120
7199,2526
7200,1343
7201,3435
7202,2738
7203,1897
7204,2970
7205,1283
7206,2500
7207,3026
7208,2098
7209,1790
7210,2854
7211,572
7212,408
7213,1821
7214,2965
7215,1762
7216,1948
7217,2068
7218,1518
7219,2593
7220,834
7221,1341
7222,1884
7223,1881
7224,3729
7225,3238
7226,3585
7227,3504
7228,3025
7229,519
7230,1296
7231,1396
7232,1123
7233,2853
7234,1687
7235,1501
7236,346
7237,3716
7238,2265
7239,3238
7240,2464
7241,631
7242,1194
7243,3447
7244,1965
7245,831
7246,3779
7247,3
7248,3131
7249,1623
7250,2138
7251,1578
7252,1335
7253,2856
7254,179
7255,1443
7256,3083
7257,2486
7258,1159
7259,495
7260,1772
7261,4031
7262,1915
7263,818
7264,1395
7265,177
7266,1912
7267,2010
7268,1742
7269,1076
7270,2100
7271,2824
7272,591
7273,2126
7274,2794
7275,3384
7276,952
7277,539
7278,628
7279,3920
7280,3037
7281,70
7282,1510
7283,2896
7284,2331
7285,3108
7286,1657
7287,439
7288,230
7289,2645
7290,2777
7291,1861
7292,3446
7293,2773
7294,1037
7295,2966
7296,3623
7297,1094
7298,3240
7299,2085
7300,787
7301,463
7302,3000
7303,3453
7304,663
7305,2434
7306,590
7307,1230
7308,2059
7309,785
7310,1365
7311,3541
7312,1068
7313,318
7314,342
7315,3130
7316,3697
7317,581
7318,3008
7319,2576
7320,346
7321,985
7322,372
7323,1766
7324,1025
7325,1057
7326,3131
7327,1997
7328,1683
7329,2221
7330,3868
7331,1512
7332,2958
7333,164
7334,2499
7335,2140
7336,1824
7337,3390
7338,2118
7339,1611
7340,1383
7341,2253
7342,2095
7343,1732
7344,866
7345,70
7346,3572
7347,3986
7348,3314
7349,626
7350,1823
7351,3062
7352,797
7353,365
7354,741
7355,3499
7356,2948
7357,3534
7358,16
7359,888
7360,2721
7361,3677
7362,456
7363,67
7364,1901
7365,3160
7366,304
7367,2338
7368,1372
7369,2966
7370,1105
7371,2513
7372,3605
7373,522
7374,2608
7375,1791
7376,2816
7377,3270
7378,1826
7379,1366
7380,1257
7381,864
7382,1714
7383,2185
7384,1735
7385,1885
7386,1915
7387,1314
7388,1317
7389,3105
7390,1417
7391,1056
7392,1889
7393,1736
7394,2089
7395,3586
7396,267
7397,3522
7398,3046
7399,488
7400,3592
7401,3167
7402,488
7403,3827
7404,2201
7405,329
7406,3127
7407,737
7408,654
7409,2133
7410,3314
7411,1135
7412,301
7413,4021
7414,1400
7415,374
7416,783
7417,2642
7418,2976
7419,3276
7420,1354
7421,3503
7422,316
7423,686
7424,1699
7425,3104
7426,2271
7427,4021
7428,3849
7429,1114
7430,1700
7431,1056
7432,1351
7433,3129
7434,39
7435,3720
7436,829
7437,3368
7438,32
7439,2797
7440,227
7441,2523
7442,1005
7443,926
7444,1619
7445,1746
7446,2327
7447,768
7448,1530
7449,789
7450,2536
7451,1752
7452,3016
7453,883
7454,1499
7455,3532
7456,2106
7457,7
7458,1348
7459,3450
7460,2312
7461,1637
7462,421
7463,3505
7464,193
7465,353
7466,465
7467,3069
7468,333
7469,2512
7470,1317
7471,2507
7472,3863
7473,1797
7474,1014
7475,2977
7476,3760
7477,915
7478,2769
7479,1651
7480,3207
7481,1502
7482,952
7483,3185
7484,1720
7485,1810
7486,2735
7487,489
7488,868
7489,2615
7490,2916
7491,3591
7492,66
7493,3214
7494,4012
7495,324
7496,2342
7497,3670
7498,2222
7499,2896
7500,1255
7501,3569
7502,3890
7503,1694
7504,0
7505,156
7506,2686
7507,3893
7508,609
7509,494
7510,937
7511,1011
7512,3663
7513,1212
7514,2200
7515,660
7516,3769
7517,1345
7518,3435
7519,3326
7520,1946
7521,2658
7522,2728
7523,725
7524,3041
7525,3236
7526,1320
7527,941
7528,3352
7529,195
7530,3992
7531,1370
7532,3520
7533,805
7534,1089
7535,3320
7536,2105
7537,2204
7538,3174
7539,2945
7540,2374
7541,1220
7542,3011
7543,2801
7544,3
7545,470
7546,4067
7547,2569
7548,1190
7549,286
7550,3716
7551,794
7552,4026
7553,1177
7554,3010
7555,3375
7556,3480
7557,1814
7558,3693
7559,2579
7560,2899
7561,202
7562,1334
7563,583
7564,2797
7565,1812
7566,1154
7567,2962
7568,918
7569,2307
7570,2766
7571,1065
7572,2743
7573,560
7574,678
7575,2054
7576,1797
7577,3976
7578,2771
7579,1056
7580,1469
7581,2987
7582,2417
7583,833
7584,1367
7585,3838
7586,852
7587,3138
7588,1629
7589,787
7590,2925
7591,4073
7592,1485
7593,624
7594,3300
7595,309
7596,2032
7597,825
7598,2824
7599,627
7600,3399
7601,1232
7602,3214
7603,1828
7604,2865
7605,939
7606,1750
7607,3216
7608,1896
7609,70
7610,209
7611,255
7612,3271
7613,2970
7614,2431
7615,3030
7616,198
7617,2302
7618,2308
7619,1448
7620,1032
7621,52
7622,942
7623,708
7624,2750
7625,53
7626,1000
7627,2111
7628,409
7629,2700
7630,985
7631,2203
7632,497
7633,3956
7634,2253
7635,2892
7636,398
7637,2239
7638,1680
7639,2806
7640,161
7641,3476
7642,1589
7643,1983
7644,948
7645,1364
7646,2309
7647,2106
7648,2804
7649,2480
7650,868
7651,2383
7652,1044
7653,1949
7654,182
7655,2845
7656,3119
7657,1838
7658,4014
7659,3077
7660,3894
7661,524
7662,1322
7663,3934
7664,3792
7665,3537
7666,1166
7667,1363
7668,1275
7669,2908
7670,1473
7671,3905
7672,3106
7673,970
7674,1165
7675,1675
7676,1269
7677,2972
7678,1381
7679,276
7680,3395
7681,1579
7682,2379
7683,383
7684,2289
7685,562
7686,2013
7687,3178
7688,2014
7689,1070
7690,354
7691,3818
7692,3942
7693,521
7694,2369
7695,4058
7696,976
7697,2230
7698,2945
7699,16
7700,2934
7701,1358
7702,2120
7703,3159
7704,2424
7705,2185
7706,3622
7707,209
7708,1124
7709,3453
7710,975
7711,3067
7712,1577
7713,435
7714,2410
7715,2057
7716,1737
7717,1651
7718,1676
7719,2806
7720,557
7721,639
7722,1337
7723,2310
7724,3726
7725,2992
7726,1803
7727,2625
7728,1937
7729,1577
7730,1836
7731,1543
7732,2968
7733,2126
7734,2420
7735,3240
7736,27
7737,2675
7738,3297
7739,1633
7740,3172
7741,1549
7742,3186
7743,2706
7744,1141
7745,3753
7746,2813
7747,2520
7748,282
7749,2583
7750,4025
7751,3319
7752,549
7753,1608
7754,876
7755,3810
7756,2333
7757,3455
7758,673
7759,1653
7760,2132
7761,2118
7762,3857
7763,3691
7764,2771
7765,2059
7766,1294
7767,1233
7768,1365
7769,195
7770,2259
7771,622
7772,1602
7773,2325
7774,400
7775,2302
7776,2870
7777,3726
7778,37
7779,2089
7780,2820
7781,2255
7782,1670
7783,2869
7784,2561
7785,81
7786,2
7787,2738
7788,3853
7789,1584
7790,2477
7791,1533
7792,546
7793,4031
7794,800
7795,748
7796,422
7797,3215
7798,891
7799,1370
7800,3831
7801,3357
7802,3948
7803,1123
7804,1670
7805,2345
7806,2515
7807,3050
7808,1613
7809,3357
7810,3479
7811,3721
7812,2257
7813,1169
7814,5
7815,1676
7816,3747
7817,1254
7818,3722
7819,2494
7820,1492
7821,776
7822,173
7823,1510
7824,1134
7825,1422
7826,382
7827,220
7828,3344
7829,270
7830,2622
7831,3018
7832,2134
7833,748
7834,750
7835,2552
7836,3614
7837,2033
7838,1421
7839,1636
7840,3996
7841,1581
7842,89
7843,1920
7844,104
7845,395
7846,2877
7847,1217
7848,1330
7849,862
7850,3894
7851,523
7852,2065
7853,1581
7854,3503
7855,4001
7856,2161
7857,388
7858,3769
7859,2921
7860,1072
7861,2704
7862,2644
7863,378
7864,3087
7865,3996
7866,2919
7867,3816
7868,990
7869,3751
7870,2004
7871,73
7872,45
7873,3830
7874,1626
7875,1358
7876,2104
7877,3781
7878,2786
7879,641
7880,2478
7881,2754
7882,1927
7883,2235
7884,1985
7885,525
7886,491
7887,2602
7888,147
7889,3472
7890,863
7891,974
7892,3416
7893,3997
7894,336
7895,2768
7896,1712
7897,1611
7898,2199
7899,104
7900,10
7901,2815
7902,1370
7903,1016
7904,2036
7905,2084
7906,2108
7907,3669
7908,1189
7909,851
7910,838
7911,1448
7912,2757
7913,1317
7914,830
7915,1672
7916,2447
7917,1349
7918,207
7919,2096
7920,3264
7921,108
7922,2507
7923,3451
7924,4049
7925,1413
7926,2050
7927,952
7928,3176
7929,49
7930,3943
7931,2909
7932,1316
7933,68
7934,1581
7935,3156
7936,702
7937,763
7938,3217
7939,3410
7940,516
7941,1574
7942,3785
7943,2634
7944,2565
7945,711
7946,3297
7947,982
7948,3092
7949,1027
7950,3478
7951,3996
7952,3911
7953,1572
7954,1892
7955,2582
7956,3150
7957,4018
7958,2407
7959,1111
7960,2801
7961,1977
7962,291
7963,3534
7964,2711
7965,1217
7966,3807
7967,3371
7968,3514
7969,2660
7970,3704
7971,2446
7972,2446
7973,2689
7974,2551
7975,2727
7976,2161
7977,3839
7978,2749
7979,154
7980,2879
7981,3720
7982,2589
7983,536
7984,1370
7985,201
7986,2911
7987,1519
7988,1293
7989,2976
7990,1683
7991,2980
7992,1501
7993,1800
7994,1555
7995,3742
7996,698
7997,1222
7998,2401
7999,2855
8000,1486
8001,3487
8002,157
8003,3619
8004,996
8005,598
8006,485
8007,192
8008,2557
8009,1804
8010,1772
8011,3646
8012,1205
8013,262
8014,415
8015,3218
8016,4028
8017,3935
8018,1377
8019,1642
8020,273
8021,308
8022,3777
8023,1471
8024,2096
8025,3074
8026,2848
8027,359
8028,1751
8029,2028
8030,836
8031,2170
8032,3272
8033,4022
8034,220
8035,2436
8036,569
8037,3429
8038,772
8039,2101
8040,2753
8041,903
8042,3127
8043,4036
8044,1059
8045,909
8046,621
8047,2721
8048,1647
8049,4044
8050,2180
8051,3850
8052,210
8053,2015
8054,3715
8055,757
8056,645
8057,1503
8058,3928
8059,1441
8060,2670
8061,3135
8062,3784
8063,2004
8064,1930
8065,2704
8066,4056
8067,3186
8068,2823
8069,3587
8070,2330
8071,3310
8072,578
8073,1823
8074,2612
8075,805
8076,1154
8077,388
8078,2082
8079,1378
8080,3533
8081,4029
8082,2240
8083,439
8084,4048
8085,3648
8086,3132
8087,826
8088,3400
8089,1503
8090,4029
8091,3646
8092,1003
8093,799
8094,2727
8095,1228
8096,1797
8097,3276
8098,1973
8099,3920
8100,328
8101,3219
8102,3727
8103,1688
8104,1803
8105,2771
8106,3340
8107,2582
8108,1920
8109,2747
8110,1378
8111,1258
8112,587
8113,2103
8114,380
8115,2225
8116,2391
8117,711
8118,1717
8119,1300
8120,1166
8121,4046
8122,1795
8123,104
8124,3770
8125,3376
8126,3155
8127,1081
8128,3359
8129,3033
8130,1938
8131,3459
8132,929
8133,1595
8134,2298
8135,302
8136,1787
8137,2250
8138,2816
8139,458
8140,1348
8141,3272
8142,2183
8143,3948
8144,2875
8145,280
8146,2071
8147,3108
8148,2019
8149,58
8150,1887
8151,1713
8152,3258
8153,1247
8154,3799
8155,3154
8156,2942
8157,1987
8158,897
8159,2226
8160,2240
8161,1873
8162,3092
8163,2603
8164,278
8165,3214
8166,2120
8167,2638
8168,175
8169,1448
8170,192
8171,973
8172,84
8173,3878
8174,3799
8175,3842
8176,2170
8177,446
8178,134
8179,2987
8180,3785
8181,1328
8182,2312
8183,1215
8184,2308
8185,742
8186,2827
8187,3360
8188,2024
8189,3065
8190,697
8191,3265
8192,3439
8193,3124
8194,564
8195,2613
8196,3153
8197,1379
8198,2423
8199,3071
8200,2425
8201,1284
8202,468
8203,1664
8204,398
8205,805
8206,3644
8207,3150
8208,3459
8209,2169
8210,1067
8211,2549
8212,3086
8213,252
8214,1986
8215,2699
8216,1281
8217,554
8218,1025
8219,2455
8220,471
8221,1997
8222,2241
8223,1139
8224,2079
8225,2606
8226,1425
8227,1905
8228,4027
8229,2546
8230,432
8231,184
8232,2054
8233,2175
8234,3561
8235,197
8236,3870
8237,3521
8238,1379
8239,1422
8240,531
8241,3402
8242,2262
8243,384
8244,1246
8245,1721
8246,3134
8247,4043
8248,2423
8249,882
8250,2481
8251,2727
8252,170
8253,532
8254,3881
8255,674
8256,2373
8257,3284
8258,1462
8259,2241
8260,2295
8261,1140
8262,3600
8263,708
8264,2048
8265,871
8266,3623
8267,2647
8268,1737
8269,2515
8270,2952
8271,2032
8272,3292
8273,786
8274,3601
8275,969
8276,44
8277,1846
8278,4031
8279,156
8280,653
8281,1864
8282,1852
8283,6
8284,123
8285,539
8286,827
8287,1139
8288,1222
8289,1644
8290,1418
8291,1753
8292,3604
8293,127
8294,2812
8295,2014
8296,2591
8297,2252
8298,2281
8299,2495
8300,1028
8301,279
8302,2926
8303,781
8304,603
8305,2765
8306,1402
8307,582
8308,1322
8309,1422
8310,1790
8311,1698
8312,390
8313,590
8314,2385
8315,3553
8316,820
8317,1866
8318,1250
8319,3529
8320,589
8321,3550
8322,1606
8323,1923
8324,2119
8325,1524
8326,3982
8327,3748
8328,2228
8329,1814
8330,1326
8331,1338
8332,902
8333,251
8334,1080
8335,3189
8336,312
8337,2146
8338,3909
8339,1803
8340,3238
8341,975
8342,3955
8343,1461
8344,1377
8345,2257
8346,3507
8347,3588
8348,3618
8349,1792
8350,1861
8351,247
8352,1026
8353,638
8354,3910
8355,3837
8356,2515
8357,946
8358,2929
8359,2425
8360,3052
8361,2174
8362,3181
8363,3430
8364,2127
8365,2600
8366,1914
8367,2133
8368,3200
8369,2008
8370,2896
8371,1740
8372,3412
8373,2090
8374,3734
8375,2868
8376,3301
8377,2071
8378,2007
8379,2125
8380,1233
8381,721
8382,214
8383,1604
8384,2839
8385,2340
8386,3267
8387,3857
8388,3475
8389,571
8390,661
8391,1121
8392,344
8393,3502
8394,3181
8395,977
8396,1494
8397,881
8398,3689
8399,939
8400,2306
8401,3955
8402,1772
8403,3631
8404,2688
8405,3387
8406,2734
8407,3048
8408,1911
8409,3268
8410,2202
8411,54
8412,1580
8413,1654
8414,3094
8415,88
8416,2914
8417,3972
8418,3613
8419,3081
8420,3799
8421,425
8422,2423
8423,355
8424,689
8425,3863
8426,3274
8427,1919
8428,1212
8429,447
8430,128
8431,1780
8432,554
8433,2305
8434,725
8435,124
8436,539
8437,2111
8438,237
8439,863
8440,1914
8441,1492
8442,1467
8443,1239
8444,2547
8445,81
8446,427
8447,479
8448,1418
8449,1431
8450,3369
8451,884
8452,1898
8453,1229
8454,3023
8455,3058
8456,3946
8457,1805
8458,2723
8459,2071
8460,520
8461,3216
8462,843
8463,721
8464,2948
8465,569
8466,4033
8467,1495
8468,383
8469,1682
8470,3883
8471,2182
8472,1793
8473,144
8474,2464
8475,4054
8476,3364
8477,2001
8478,3231
8479,790
8480,1250
8481,680
8482,1433
8483,3821
8484,3122
8485,2044
8486,1752
8487,2667
8488,2954
8489,3726
8490,2910
8491,806
8492,75
8493,3977
8494,2724
8495,694
8496,3873
8497,1991
8498,1442
8499,2114
8500,478
8501,3269
8502,1167
8503,4044
8504,1029
8505,2555
8506,91
8507,1960
8508,1476
8509,3322
8510,2218
8511,2779
8512,2396
8513,2934
8514,63
8515,3949
8516,2390
8517,1913
8518,335
8519,414
8520,2987
8521,3410
8522,3670
8523,3807
8524,1277
8525,697
8526,266
8527,2022
8528,3533
8529,3641
8530,3147
8531,899
8532,3962
8533,546
8534,203
8535,3773
8536,3134
8537,3864
8538,28
8539,3638
8540,573
8541,2208
8542,117
8543,2450
8544,248
8545,319
8546,3913
8547,3210
8548,3447
8549,3403
8550,681
8551,3732
8552,1984
8553,175
8554,1473
8555,1076
8556,778
8557,1855
8558,3244
8559,201
8560,1627
8561,3522
8562,2443
8563,3710
8564,57
8565,1272
8566,3161
8567,3358
8568,3170
8569,589
8570,2165
8571,1059
8572,2604
8573,3037
8574,1036
8575,2624
8576,957
8577,315
8578,3323
8579,3095
8580,2629
8581,1388
8582,4059
8583,3563
8584,2329
8585,15
8586,1138
8587,268
8588,3780
8589,575
8590,2442
8591,2919
8592,952
8593,1424
8594,3950
8595,1358
8596,1779
8597,3497
8598,2327
8599,3826
8600,2623
8601,2774
8602,844
8603,1081
8604,3845
8605,1748
8606,919
8607,2273
8608,1318
8609,1544
8610,863
8611,2754
8612,842
8613,1008
8614,2246
8615,2514
8616,629
8617,3384
8618,3826
8619,2705
8620,3220
8621,2651
8622,215
8623,2503
8624,3988
8625,975
8626,1296
8627,1874
8628,797
8629,2804
8630,3614
8631,3123
8632,3228
8633,3878
8634,2649
8635,2171
8636,2527
8637,2865
8638,3970
8639,384
8640,2026
8641,2200
8642,236
8643,1041
8644,718
8645,3707
8646,2844
8647,1476
8648,3578
8649,3645
8650,3880
8651,65
8652,1876
8653,3473
8654,3954
8655,1216
8656,1922
8657,1681
8658,1687
8659,1932
8660,2746
8661,3855
8662,1231
8663,1279
8664,2795
8665,1289
8666,502
8667,2906
8668,967
8669,381
8670,1992
8671,2522
8672,135
8673,1819
8674,1480
8675,2685
8676,3870
8677,366
8678,3628
8679,49
8680,3160
8681,1190
8682,1486
8683,3913
8684,1572
8685,836
8686,493
8687,1520
8688,1600
8689,1072
8690,355
8691,1068
8692,933
8693,1946
8694,2932
8695,1486
8696,3752
8697,3560
8698,310
8699,10
8700,2435
8701,2737
8702,412
8703,2379
8704,3185
8705,2215
8706,1535
8707,1252
8708,614
8709,1974
8710,2203
8711,3105
8712,694
8713,1084
8714,3404
8715,2359
8716,2112
8717,958
8718,2076
8719,1484
8720,2675
8721,2640
8722,3115
8723,577
8724,3431
8725,863
8726,1918
8727,729
8728,2404
8729,2365
8730,310
8731,2725
8732,1952
8733,2466
8734,1626
8735,576
8736,2062
8737,1175
8738,3397
8739,454
8740,2683
8741,1183
8742,2425
8743,4071
8744,2789
8745,3015
8746,570
8747,910
8748,2617
8749,1793
8750,152
8751,3513
8752,2689
8753,1502
8754,2523
8755,1607
8756,3162
8757,1492
8758,596
8759,1062
8760,2481
8761,2214
8762,2111
8763,2074
8764,486
8765,2158
8766,3931
8767,1994
8768,2850
8769,1099
8770,411
8771,1055
8772,1161
8773,2491
8774,2377
8775,3836
8776,3109
8777,1436
8778,1207
8779,1319
8780,450
8781,1675
8782,1531
8783,310
8784,2221
8785,3092
8786,506
8787,2326
8788,566
8789,230
8790,3447
8791,153
8792,3693
8793,1413
8794,2689
8795,73
8796,620
8797,3416
8798,46
8799,2364
8800,2946
8801,205
8802,840
8803,515
8804,2115
8805,1307
8806,294
8807,2754
8808,2491
8809,2091
8810,2175
8811,1742
8812,1004
8813,3867
8814,1351
8815,1845
8816,3881
8817,391
8818,1877
8819,870
8820,832
8821,1615
8822,2314
8823,854
8824,2082
8825,1758
8826,640
8827,3094
8828,2589
8829,221
8830,2901
8831,2334
8832,1673
8833,1918
8834,3065
8835,2025
8836,2346
8837,515
8838,2790
8839,85
8840,2439
8841,787
8842,2020
8843,1083
8844,1042
8845,3263
8846,3467
8847,3433
8848,3287
8849,3176
8850,1928
8851,1202
8852,1645
8853,892
8854,1058
8855,1433
8856,2006
8857,2788
8858,626
8859,1977
8860,3587
8861,3866
8862,1725
8863,3106
8864,2312
8865,2835
8866,2217
8867,1554
8868,1872
8869,3706
8870,893
8871,2579
8872,1182
8873,1371
8874,2890
8875,1322
8876,1073
8877,1263
8878,330
8879,3141
8880,644
8881,3008
8882,761
8883,2146
8884,519
8885,2358
8886,3983
8887,1864
8888,512
8889,380
8890,1092
8891,2904
8892,205
8893,366
8894,416
8895,544
8896,3605
8897,2113
8898,3345
8899,3514
8900,3385
8901,2334
8902,3593
8903,532
8904,411
8905,623
8906,2866
8907,1838
8908,1983
8909,1686
8910,3379
8911,2633
8912,367
8913,3723
8914,1382
8915,3589
8916,1501
8917,2773
8918,201
8919,2886
8920,3783
8921,3030
8922,673
8923,1004
8924,494
8925,276
8926,1688
8927,293
8928,1972
8929,1904
8930,664
8931,918
8932,366
8933,2647
8934,2339
8935,274
8936,1137
8937,1514
8938,342
8939,2493
8940,709
8941,1573
8942,604
8943,1251
8944,2669
8945,3726
8946,209
8947,990
8948,2737
8949,3951
8950,2108
8951,1601
8952,4073
8953,3338
8954,2342
8955,2429
8956,2661
8957,667
8958,2526
8959,1664
8960,3260
8961,245
8962,1473
8963,1383
8964,1437
8965,613
8966,492
8967,1724
8968,2418
8969,2909
8970,2301
8971,3068
8972,3760
8973,2059
8974,3286
8975,402
8976,3041
8977,1815
8978,2275
8979,3941
8980,3314
8981,3207
8982,3363
8983,3596
8984,196
8985,817
8986,3231
8987,1411
8988,15
8989,550
8990,1894
8991,2433
8992,195
8993,2044
8994,812
8995,631
8996,483
8997,2032
8998,127
8999,3155
9000,1316
9001,3460
9002,970
9003,583
9004,122
9005,2122
9006,1577
9007,1154
9008,3880
9009,370
9010,2803
9011,3189
9012,1623
9013,1103
9014,2562
9015,725
9016,2693
9017,2343
9018,3354
9019,2552
9020,3275
9021,2297
9022,2339
9023,446
9024,3231
9025,2959
9026,2656
9027,2293
9028,524
9029,3956
9030,2225
9031,1182
9032,2444
9033,393
9034,2967
9035,2942
9036,354
9037,3722
9038,3561
9039,3219
9040,2154
9041,3948
9042,2797
9043,2350
9044,1100
9045,939
9046,3286
9047,673
9048,3750
9049,2226
9050,3144
9051,2684
9052,1221
9053,2544
9054,2511
9055,1411
9056,2380
9057,3141
9058,3184
9059,996
9060,1948
9061,795
9062,3677
9063,3655
9064,718
9065,571
9066,3945
9067,3435
9068,177
9069,245
9070,1757
9071,354
9072,1803
9073,4026
9074,2395
9075,2943
9076,1480
9077,1771
9078,2380
9079,1710
9080,520
9081,3810
9082,4000
9083,2675
9084,2283
9085,2313
9086,369
9087,2871
9088,2448
9089,971
9090,340
9091,1674
9092,363
9093,289
9094,1338
9095,1738
9096,417
9097,1961
9098,657
9099,1145
9100,1762
9101,2149
9102,718
9103,2281
9104,377
9105,1765
9106,3956
9107,3252
9108,1161
9109,2157
9110,1212
9111,1817
9112,484
9113,4073
9114,460
9115,4062
9116,3274
9117,2086
9118,2993
9119,181
9120,1598
9121,1955
9122,1879
9123,3947
9124,2057
9125,3089
9126,1661
9127,973
9128,4012
9129,1308
9130,67
9131,3917
9132,1684
9133,840
9134,1404
9135,3276
9136,1485
9137,1111
9138,1468
9139,305
9140,2589
9141,2054
9142,270
9143,2631
9144,2845
9145,552
9146,1675
9147,2767
9148,970
9149,4067
9150,2758
9151,2861
9152,2099
9153,3969
9154,1701
9155,796
9156,1697
9157,153
9158,2541
9159,3853
9160,3179
9161,979
9162,3531
9163,3657
9164,1153
9165,2016
9166,3191
9167,2064
9168,1284
9169,2264
9170,1319
9171,109
9172,1321
9173,1863
9174,2295
9175,2198
9176,2507
9177,3962
9178,2185
9179,543
9180,1772
9181,2464
9182,3406
9183,3654
9184,1593
9185,2298
9186,1256
9187,2438
9188,2820
9189,2989
9190,2687
9191,2679
9192,3894
9193,3721
9194,1439
9195,1510
9196,909
9197,3157
9198,2563
9199,167
9200,1323
9201,2017
9202,2460
9203,3151
9204,3133
9205,494
9206,2129
9207,3620
9208,549
9209,1456
9210,1593
9211,1661
9212,2965
9213,2575
9214,838
9215,726
9216,1750
9217,788
9218,1364
9219,930
9220,1161
9221,3144
9222,1679
9223,1738
9224,3109
9225,627
9226,1094
9227,1200
9228,1669
9229,519
9230,408
9231,2305
9232,3593
9233,1752
9234,1005
9235,2773
9236,3993
9237,423
9238,1676
9239,3962
9240,1169
9241,778
9242,312
9243,2102
9244,83
9245,2365
9246,2637
9247,3265
9248,2213
9249,1393
9250,3055
9251,2415
9252,1104
9253,1086
9254,108
9255,1317
9256,751
9257,555
9258,1754
9259,1950
9260,408
9261,3335
9262,1599
9263,1636
9264,1228
9265,2706
9266,2755
9267,5
9268,3387
9269,1805
9270,4033
9271,1729
9272,1314
9273,2051
9274,2448
9275,1441
9276,3080
9277,3247
9278,1467
9279,1694
9280,3523
9281,3189
9282,2224
9283,68
9284,2727
9285,2918
9286,2984
9287,2326
9288,484
9289,298
9290,1908
9291,364
9292,2375
9293,3951
9294,2512
9295,3102
9296,3913
9297,3012
9298,1603
9299,3926
9300,2689
9301,1737
9302,2803
9303,1945
9304,3915
9305,4059
9306,3028
9307,1990
9308,1361
9309,2503
9310,1189
9311,651
9312,3135
9313,3742
9314,2514
9315,3828
9316,2270
9317,3572
9318,3345
9319,2008
9320,3293
9321,3911
9322,607
9323,4063
9324,1543
9325,3322
9326,244
9327,1366
9328,1858
9329,1030
9330,2964
9331,3699
9332,963
9333,3795
9334,1158
9335,2910
9336,392
9337,2464
9338,4019
9339,1067
9340,921
9341,922
9342,3055
9343,498
9344,3795
9345,448
9346,1219
9347,1131
9348,1422
9349,3255
9350,965
9351,3248
9352,1092
9353,688
9354,3140
9355,2921
9356,579
9357,2112
9358,303
9359,945
9360,1979
9361,740
9362,3148
9363,1240
9364,1180
9365,3681
9366,3650
9367,1542
9368,226
9369,3451
9370,3063
9371,3104
9372,3716
9373,392
9374,1148
9375,988
9376,1885
9377,2201
9378,4003
9379,2118
9380,2924
9381,3792
9382,317
9383,2621
9384,1772
9385,4040
9386,1302
9387,1759
9388,143
9389,708
9390,3743
9391,1414
9392,736
9393,3666
9394,3472
9395,995
9396,3191
9397,749
9398,1680
9399,3009
9400,4020
9401,1283
9402,2822
9403,855
9404,3656
9405,1177
9406,3963
9407,2830
9408,677
9409,722
9410,563
9411,3791
9412,3864
9413,928
9414,2124
9415,2260
9416,3195
9417,1419
9418,2269
9419,1153
9420,1230
9421,2890
9422,1553
9423,58
9424,766
9425,3335
9426,560
9427,3880
9428,1001
9429,2323
9430,705
9431,1832
9432,1427
9433,2393
9434,1848
9435,1820
9436,1052
9437,1484
9438,1392
9439,2033
9440,4028
9441,360
9442,723
9443,328
9444,1679
9445,3058
9446,2217
9447,836
9448,2364
9449,3451
9450,46
9451,1972
9452,1444
9453,679
9454,1499
9455,1526
9456,1240
9457,3954
9458,3940
9459,814
9460,2575
9461,730
9462,1558
9463,2767
9464,1463
9465,3013
9466,2456
9467,1442
9468,1170
9469,2180
9470,1621
9471,3545
9472,2137
9473,2486
9474,3896
9475,2817
9476,2919
9477,1471
9478,3322
9479,3956
9480,1999
9481,1894
9482,3474
9483,8
9484,1804
9485,3422
9486,2046
9487,3964
9488,2067
9489,1935
9490,13
9491,1513
9492,3885
9493,2886
9494,1515
9495,2450
9496,2447
9497,1040
9498,2502
9499,1960
9500,817
9501,1871
9502,3378
9503,2907
9504,1634
9505,715
9506,1057
9507,520
9508,2189
9509,1780
9510,1281
9511,3420
9512,1718
9513,2166
9514,1875
9515,2203
9516,2144
9517,1381
9518,3192
9519,1019
9520,1951
9521,3465
9522,2740
9523,3555
9524,3130
9525,1762
9526,1459
9527,183
9528,804
9529,2392
9530,3643
9531,598
9532,1895
9533,3376
9534,2234
9535,416
9536,2564
9537,1653
9538,1500
9539,3274
9540,919
9541,2975
9542,726
9543,3430
9544,3621
9545,2243
9546,2584
9547,565
9548,447
9549,1804
9550,1383
9551,1581
9552,1007
9553,2238
9554,1085
9555,1254
9556,3832
9557,3851
9558,2103
9559,611
9560,3155
9561,1485
9562,3091
9563,1716
9564,1486
9565,4015
9566,105
9567,272
9568,3085
9569,1871
9570,2922
9571,156
9572,3875
9573,2762
9574,1895
9575,1832
9576,12
9577,615
9578,2572
9579,3343
9580,2897
9581,1719
9582,1457
9583,3199
9584,3574
9585,1358
9586,3188
9587,3188
9588,1307
9589,3969
9590,3941
9591,2727
9592,2081
9593,3198
9594,960
9595,3653
9596,2112
9597,3636
9598,1111
9599,293
9600,897
9601,2573
9602,906
9603,667
9604,2274
9605,1761
9606,1469
9607,356
9608,2136
9609,2053
9610,602
9611,1755
9612,606
9613,3541
9614,518
9615,1188
9616,1348
9617,3891
9618,3989
9619,349
9620,1487
9621,3368
9622,2586
9623,2525
9624,3622
9625,1557
9626,2905
9627,2909
9628,1600
9629,3071
9630,3822
9631,2170
9632,129
9633,3821
9634,483
9635,3154
9636,1041
9637,736
9638,3645
9639,3865
9640,3303
9641,1492
9642,1068
9643,2866
9644,910
9645,2549
9646,78
9647,3914
9648,1965
9649,2477
9650,2810
9651,2728
9652,3148
9653,118
9654,1768
9655,2740
9656,2345
9657,2507
9658,3557
9659,1168
9660,62
9661,3674
9662,2219
9663,3790
9664,3559
9665,3132
9666,2657
9667,2390
9668,2945
9669,1025
9670,3289
9671,1609
9672,3792
9673,3429
9674,2817
9675,1187
9676,2815
9677,3984
9678,1012
9679,2764
9680,909
9681,3140
9682,2853
9683,2287
9684,3313
9685,1999
9686,929
9687,3577
9688,1255
9689,914
9690,1320
9691,3005
9692,1175
9693,1499
9694,222
9695,1220
9696,2808
9697,1414
9698,2077
9699,874
9700,1220
9701,2797
9702,2229
9703,803
9704,880
9705,3408
9706,1671
9707,795
9708,369
9709,3974
9710,2332
9711,1618
9712,112
9713,2517
9714,1963
9715,3
9716,1393
9717,671
9718,53
9719,1235
9720,3134
9721,3255
9722,1524
9723,2258
9724,2533
9725,1521
9726,2209
9727,1553
9728,380
9729,2084
9730,3367
9731,2680
9732,1736
9733,1269
9734,2580
9735,2194
9736,108
9737,1397
9738,1851
9739,2243
9740,2690
9741,208
9742,3021
9743,1981
9744,3994
9745,2807
9746,3303
9747,2048
9748,128
9749,2345
9750,3943
9751,2366
9752,1375
9753,3052
9754,676
9755,2789
9756,1568
9757,1206
9758,153
9759,1631
9760,2082
9761,3428
9762,1955
9763,2437
9764,1087
9765,1150
9766,1699
9767,3087
9768,1822
9769,1910
9770,1791
9771,1341
9772,798
9773,3721
9774,2023
9775,2201
9776,1560
9777,554
9778,3378
9779,2481
9780,454
9781,2813
9782,3805
9783,1201
9784,288
9785,1866
9786,2816
9787,3910
9788,536
9789,184
9790,3887
9791,2277
9792,113
9793,1334
9794,1889
9795,2687
9796,1278
9797,654
9798,2692
9799,1073
9800,3124
9801,3412
9802,1052
9803,2220
9804,1128
9805,703
9806,564
9807,2029
9808,2985
9809,4033
9810,453
9811,3868
9812,2150
9813,2289
9814,2476
9815,2407
9816,2917
9817,670
9818,2466
9819,1597
9820,2234
9821,3311
9822,1474
9823,1021
9824,1563
9825,1568
9826,1146
9827,1491
9828,3526
9829,483
9830,1815
9831,2827
9832,1013
9833,3139
9834,1504
9835,3348
9836,855
9837,1596
9838,1451
9839,3077
9840,1224
9841,1903
9842,2310
9843,1874
9844,1991
9845,1370
9846,958
9847,954
9848,4060
9849,3383
9850,3937
9851,138
9852,3228
9853,100
9854,3519
9855,470
9856,1532
9857,3905
9858,383
9859,393
9860,1213
9861,3573
9862,1905
9863,2719
9864,2317
9865,3457
9866,1061
9867,938
9868,560
9869,2654
9870,2855
9871,115
9872,2810
9873,682
9874,1364
9875,1406
9876,3682
9877,1361
9878,2382
9879,189
9880,3321
9881,301
9882,2109
9883,2599
9884,702
9885,2097
9886,2376
9887,763
9888,2624
9889,4001
9890,3475
9891,832
9892,257
9893,1956
9894,2764
9895,1061
9896,1783
9897,2643
9898,54
9899,3253
9900,666
9901,4030
9902,3804
9903,2686
9904,2121
9905,2997
9906,1352
9907,3076
9908,1605
9909,2294
9910,3151
9911,848
9912,1585
9913,3105
9914,848
9915,1587
9916,3323
9917,334
9918,594
9919,2215
9920,3856
9921,4076
9922,3572
9923,689
9924,3308
9925,2191
9926,3447
9927,402
9928,2640
9929,877
9930,1896
9931,2179
9932,1492
9933,629
9934,3169
9935,877
9936,3847
9937,544
9938,2317
